<xbrli:xbrl xmlns:in-bse-fin="http://www.bseindia.com/xbrl/fin/2020-03-31/in-bse-fin" xmlns:in-bse-fin-ent="http://www.bseindia.com/xbrl/fin/2020-03-31/in-bse-fin/in-bse-fin-ent" xmlns:in-bse-fin-roles="http://www.bseindia.com/xbrl/fin/2020-03-31/in-bse-fin-roles" xmlns:in-bse-fin-type="http://www.bseindia.com/xbrl/fin/2020-03-31/in-bse-fin-types" xmlns:iso4217="http://www.xbrl.org/2003/iso4217" xmlns:link="http://www.xbrl.org/2003/linkbase" xmlns:negated="http://www.xbrl.org/2009/role/negated" xmlns:net="http://www.xbrl.org/2009/role/net" xmlns:nonnum="http://www.xbrl.org/dtr/type/non-numeric" xmlns:num="http://www.xbrl.org/dtr/type/numeric" xmlns:xbrldi="http://xbrl.org/2006/xbrldi" xmlns:xbrldt="http://xbrl.org/2005/xbrldt" xmlns:xbrli="http://www.xbrl.org/2003/instance" xmlns:xl="http://www.xbrl.org/2003/XLink" xmlns:xlink="http://www.w3.org/1999/xlink">
<link:schemaref xlink:href="Ind-AS_entry_point_2020-03-31.xsd" xlink:type="simple"></link:schemaref>
<xbrli:context id="OneOperatingExpenses01D"><xbrli:entity><xbrli:identifier scheme="http://www.nseindia.com/NSESymbol">RELIANCE</xbrli:identifier></xbrli:entity><xbrli:period><xbrli:startdate>2021-07-01</xbrli:startdate><xbrli:enddate>2021-09-30</xbrli:enddate></xbrli:period><xbrli:scenario><xbrldi:explicitmember dimension="in-bse-fin:DetailsOfOtherExpensesAxis">in-bse-fin:OneOperatingExpenses01Member</xbrldi:explicitmember></xbrli:scenario></xbrli:context>
<xbrli:context id="OneOperatingExpenses02D"><xbrli:entity><xbrli:identifier scheme="http://www.nseindia.com/NSESymbol">RELIANCE</xbrli:identifier></xbrli:entity><xbrli:period><xbrli:startdate>2021-07-01</xbrli:startdate><xbrli:enddate>2021-09-30</xbrli:enddate></xbrli:period><xbrli:scenario><xbrldi:explicitmember dimension="in-bse-fin:DetailsOfOtherExpensesAxis">in-bse-fin:OneOperatingExpenses02Member</xbrldi:explicitmember></xbrli:scenario></xbrli:context>
<xbrli:context id="FourOperatingExpenses01D"><xbrli:entity><xbrli:identifier scheme="http://www.nseindia.com/NSESymbol">RELIANCE</xbrli:identifier></xbrli:entity><xbrli:period><xbrli:startdate>2021-07-01</xbrli:startdate><xbrli:enddate>2021-09-30</xbrli:enddate></xbrli:period><xbrli:scenario><xbrldi:explicitmember dimension="in-bse-fin:DetailsOfOtherExpensesAxis">in-bse-fin:FourOperatingExpenses01Member</xbrldi:explicitmember></xbrli:scenario></xbrli:context>
<xbrli:context id="FourOperatingExpenses02D"><xbrli:entity><xbrli:identifier scheme="http://www.nseindia.com/NSESymbol">RELIANCE</xbrli:identifier></xbrli:entity><xbrli:period><xbrli:startdate>2021-07-01</xbrli:startdate><xbrli:enddate>2021-09-30</xbrli:enddate></xbrli:period><xbrli:scenario><xbrldi:explicitmember dimension="in-bse-fin:DetailsOfOtherExpensesAxis">in-bse-fin:FourOperatingExpenses02Member</xbrldi:explicitmember></xbrli:scenario></xbrli:context>
<xbrli:context id="OneReportableSegmentRevenue01D"><xbrli:entity><xbrli:identifier scheme="http://www.nseindia.com/NSESymbol">RELIANCE</xbrli:identifier></xbrli:entity><xbrli:period><xbrli:startdate>2021-07-01</xbrli:startdate><xbrli:enddate>2021-09-30</xbrli:enddate></xbrli:period><xbrli:scenario><xbrldi:explicitmember dimension="in-bse-fin:ReportableSegmentsAxis">in-bse-fin:OneReportableSegmentRevenue01Member</xbrldi:explicitmember></xbrli:scenario></xbrli:context>
<xbrli:context id="OneReportableSegmentRevenue02D"><xbrli:entity><xbrli:identifier scheme="http://www.nseindia.com/NSESymbol">RELIANCE</xbrli:identifier></xbrli:entity><xbrli:period><xbrli:startdate>2021-07-01</xbrli:startdate><xbrli:enddate>2021-09-30</xbrli:enddate></xbrli:period><xbrli:scenario><xbrldi:explicitmember dimension="in-bse-fin:ReportableSegmentsAxis">in-bse-fin:OneReportableSegmentRevenue02Member</xbrldi:explicitmember></xbrli:scenario></xbrli:context>
<xbrli:context id="OneReportableSegmentRevenue03D"><xbrli:entity><xbrli:identifier scheme="http://www.nseindia.com/NSESymbol">RELIANCE</xbrli:identifier></xbrli:entity><xbrli:period><xbrli:startdate>2021-07-01</xbrli:startdate><xbrli:enddate>2021-09-30</xbrli:enddate></xbrli:period><xbrli:scenario><xbrldi:explicitmember dimension="in-bse-fin:ReportableSegmentsAxis">in-bse-fin:OneReportableSegmentRevenue03Member</xbrldi:explicitmember></xbrli:scenario></xbrli:context>
<xbrli:context id="OneReportableSegmentRevenue04D"><xbrli:entity><xbrli:identifier scheme="http://www.nseindia.com/NSESymbol">RELIANCE</xbrli:identifier></xbrli:entity><xbrli:period><xbrli:startdate>2021-07-01</xbrli:startdate><xbrli:enddate>2021-09-30</xbrli:enddate></xbrli:period><xbrli:scenario><xbrldi:explicitmember dimension="in-bse-fin:ReportableSegmentsAxis">in-bse-fin:OneReportableSegmentRevenue04Member</xbrldi:explicitmember></xbrli:scenario></xbrli:context>
<xbrli:context id="OneReportableSegmentRevenue05D"><xbrli:entity><xbrli:identifier scheme="http://www.nseindia.com/NSESymbol">RELIANCE</xbrli:identifier></xbrli:entity><xbrli:period><xbrli:startdate>2021-07-01</xbrli:startdate><xbrli:enddate>2021-09-30</xbrli:enddate></xbrli:period><xbrli:scenario><xbrldi:explicitmember dimension="in-bse-fin:ReportableSegmentsAxis">in-bse-fin:OneReportableSegmentRevenue05Member</xbrldi:explicitmember></xbrli:scenario></xbrli:context>
<xbrli:context id="OneReportableSegmentRevenue06D"><xbrli:entity><xbrli:identifier scheme="http://www.nseindia.com/NSESymbol">RELIANCE</xbrli:identifier></xbrli:entity><xbrli:period><xbrli:startdate>2021-07-01</xbrli:startdate><xbrli:enddate>2021-09-30</xbrli:enddate></xbrli:period><xbrli:scenario><xbrldi:explicitmember dimension="in-bse-fin:ReportableSegmentsAxis">in-bse-fin:OneReportableSegmentRevenue06Member</xbrldi:explicitmember></xbrli:scenario></xbrli:context>
<xbrli:context id="FourReportableSegmentRevenue01D"><xbrli:entity><xbrli:identifier scheme="http://www.nseindia.com/NSESymbol">RELIANCE</xbrli:identifier></xbrli:entity><xbrli:period><xbrli:startdate>2021-07-01</xbrli:startdate><xbrli:enddate>2021-09-30</xbrli:enddate></xbrli:period><xbrli:scenario><xbrldi:explicitmember dimension="in-bse-fin:ReportableSegmentsAxis">in-bse-fin:FourReportableSegmentRevenue01Member</xbrldi:explicitmember></xbrli:scenario></xbrli:context>
<xbrli:context id="FourReportableSegmentRevenue02D"><xbrli:entity><xbrli:identifier scheme="http://www.nseindia.com/NSESymbol">RELIANCE</xbrli:identifier></xbrli:entity><xbrli:period><xbrli:startdate>2021-07-01</xbrli:startdate><xbrli:enddate>2021-09-30</xbrli:enddate></xbrli:period><xbrli:scenario><xbrldi:explicitmember dimension="in-bse-fin:ReportableSegmentsAxis">in-bse-fin:FourReportableSegmentRevenue02Member</xbrldi:explicitmember></xbrli:scenario></xbrli:context>
<xbrli:context id="FourReportableSegmentRevenue03D"><xbrli:entity><xbrli:identifier scheme="http://www.nseindia.com/NSESymbol">RELIANCE</xbrli:identifier></xbrli:entity><xbrli:period><xbrli:startdate>2021-07-01</xbrli:startdate><xbrli:enddate>2021-09-30</xbrli:enddate></xbrli:period><xbrli:scenario><xbrldi:explicitmember dimension="in-bse-fin:ReportableSegmentsAxis">in-bse-fin:FourReportableSegmentRevenue03Member</xbrldi:explicitmember></xbrli:scenario></xbrli:context>
<xbrli:context id="FourReportableSegmentRevenue04D"><xbrli:entity><xbrli:identifier scheme="http://www.nseindia.com/NSESymbol">RELIANCE</xbrli:identifier></xbrli:entity><xbrli:period><xbrli:startdate>2021-07-01</xbrli:startdate><xbrli:enddate>2021-09-30</xbrli:enddate></xbrli:period><xbrli:scenario><xbrldi:explicitmember dimension="in-bse-fin:ReportableSegmentsAxis">in-bse-fin:FourReportableSegmentRevenue04Member</xbrldi:explicitmember></xbrli:scenario></xbrli:context>
<xbrli:context id="FourReportableSegmentRevenue05D"><xbrli:entity><xbrli:identifier scheme="http://www.nseindia.com/NSESymbol">RELIANCE</xbrli:identifier></xbrli:entity><xbrli:period><xbrli:startdate>2021-07-01</xbrli:startdate><xbrli:enddate>2021-09-30</xbrli:enddate></xbrli:period><xbrli:scenario><xbrldi:explicitmember dimension="in-bse-fin:ReportableSegmentsAxis">in-bse-fin:FourReportableSegmentRevenue05Member</xbrldi:explicitmember></xbrli:scenario></xbrli:context>
<xbrli:context id="FourReportableSegmentRevenue06D"><xbrli:entity><xbrli:identifier scheme="http://www.nseindia.com/NSESymbol">RELIANCE</xbrli:identifier></xbrli:entity><xbrli:period><xbrli:startdate>2021-07-01</xbrli:startdate><xbrli:enddate>2021-09-30</xbrli:enddate></xbrli:period><xbrli:scenario><xbrldi:explicitmember dimension="in-bse-fin:ReportableSegmentsAxis">in-bse-fin:FourReportableSegmentRevenue06Member</xbrldi:explicitmember></xbrli:scenario></xbrli:context>
<xbrli:context id="OneReportableSegmentResults01D"><xbrli:entity><xbrli:identifier scheme="http://www.nseindia.com/NSESymbol">RELIANCE</xbrli:identifier></xbrli:entity><xbrli:period><xbrli:startdate>2021-07-01</xbrli:startdate><xbrli:enddate>2021-09-30</xbrli:enddate></xbrli:period><xbrli:scenario><xbrldi:explicitmember dimension="in-bse-fin:ReportableSegmentsFinanceCostsAxis">in-bse-fin:OneReportableSegmentResults01Member</xbrldi:explicitmember></xbrli:scenario></xbrli:context>
<xbrli:context id="OneReportableSegmentResults02D"><xbrli:entity><xbrli:identifier scheme="http://www.nseindia.com/NSESymbol">RELIANCE</xbrli:identifier></xbrli:entity><xbrli:period><xbrli:startdate>2021-07-01</xbrli:startdate><xbrli:enddate>2021-09-30</xbrli:enddate></xbrli:period><xbrli:scenario><xbrldi:explicitmember dimension="in-bse-fin:ReportableSegmentsFinanceCostsAxis">in-bse-fin:OneReportableSegmentResults02Member</xbrldi:explicitmember></xbrli:scenario></xbrli:context>
<xbrli:context id="OneReportableSegmentResults03D"><xbrli:entity><xbrli:identifier scheme="http://www.nseindia.com/NSESymbol">RELIANCE</xbrli:identifier></xbrli:entity><xbrli:period><xbrli:startdate>2021-07-01</xbrli:startdate><xbrli:enddate>2021-09-30</xbrli:enddate></xbrli:period><xbrli:scenario><xbrldi:explicitmember dimension="in-bse-fin:ReportableSegmentsFinanceCostsAxis">in-bse-fin:OneReportableSegmentResults03Member</xbrldi:explicitmember></xbrli:scenario></xbrli:context>
<xbrli:context id="OneReportableSegmentResults04D"><xbrli:entity><xbrli:identifier scheme="http://www.nseindia.com/NSESymbol">RELIANCE</xbrli:identifier></xbrli:entity><xbrli:period><xbrli:startdate>2021-07-01</xbrli:startdate><xbrli:enddate>2021-09-30</xbrli:enddate></xbrli:period><xbrli:scenario><xbrldi:explicitmember dimension="in-bse-fin:ReportableSegmentsFinanceCostsAxis">in-bse-fin:OneReportableSegmentResults04Member</xbrldi:explicitmember></xbrli:scenario></xbrli:context>
<xbrli:context id="OneReportableSegmentResults05D"><xbrli:entity><xbrli:identifier scheme="http://www.nseindia.com/NSESymbol">RELIANCE</xbrli:identifier></xbrli:entity><xbrli:period><xbrli:startdate>2021-07-01</xbrli:startdate><xbrli:enddate>2021-09-30</xbrli:enddate></xbrli:period><xbrli:scenario><xbrldi:explicitmember dimension="in-bse-fin:ReportableSegmentsFinanceCostsAxis">in-bse-fin:OneReportableSegmentResults05Member</xbrldi:explicitmember></xbrli:scenario></xbrli:context>
<xbrli:context id="OneReportableSegmentResults06D"><xbrli:entity><xbrli:identifier scheme="http://www.nseindia.com/NSESymbol">RELIANCE</xbrli:identifier></xbrli:entity><xbrli:period><xbrli:startdate>2021-07-01</xbrli:startdate><xbrli:enddate>2021-09-30</xbrli:enddate></xbrli:period><xbrli:scenario><xbrldi:explicitmember dimension="in-bse-fin:ReportableSegmentsFinanceCostsAxis">in-bse-fin:OneReportableSegmentResults06Member</xbrldi:explicitmember></xbrli:scenario></xbrli:context>
<xbrli:context id="FourReportableSegmentResults01D"><xbrli:entity><xbrli:identifier scheme="http://www.nseindia.com/NSESymbol">RELIANCE</xbrli:identifier></xbrli:entity><xbrli:period><xbrli:startdate>2021-07-01</xbrli:startdate><xbrli:enddate>2021-09-30</xbrli:enddate></xbrli:period><xbrli:scenario><xbrldi:explicitmember dimension="in-bse-fin:ReportableSegmentsFinanceCostsAxis">in-bse-fin:FourReportableSegmentResults01Member</xbrldi:explicitmember></xbrli:scenario></xbrli:context>
<xbrli:context id="FourReportableSegmentResults02D"><xbrli:entity><xbrli:identifier scheme="http://www.nseindia.com/NSESymbol">RELIANCE</xbrli:identifier></xbrli:entity><xbrli:period><xbrli:startdate>2021-07-01</xbrli:startdate><xbrli:enddate>2021-09-30</xbrli:enddate></xbrli:period><xbrli:scenario><xbrldi:explicitmember dimension="in-bse-fin:ReportableSegmentsFinanceCostsAxis">in-bse-fin:FourReportableSegmentResults02Member</xbrldi:explicitmember></xbrli:scenario></xbrli:context>
<xbrli:context id="FourReportableSegmentResults03D"><xbrli:entity><xbrli:identifier scheme="http://www.nseindia.com/NSESymbol">RELIANCE</xbrli:identifier></xbrli:entity><xbrli:period><xbrli:startdate>2021-07-01</xbrli:startdate><xbrli:enddate>2021-09-30</xbrli:enddate></xbrli:period><xbrli:scenario><xbrldi:explicitmember dimension="in-bse-fin:ReportableSegmentsFinanceCostsAxis">in-bse-fin:FourReportableSegmentResults03Member</xbrldi:explicitmember></xbrli:scenario></xbrli:context>
<xbrli:context id="FourReportableSegmentResults04D"><xbrli:entity><xbrli:identifier scheme="http://www.nseindia.com/NSESymbol">RELIANCE</xbrli:identifier></xbrli:entity><xbrli:period><xbrli:startdate>2021-07-01</xbrli:startdate><xbrli:enddate>2021-09-30</xbrli:enddate></xbrli:period><xbrli:scenario><xbrldi:explicitmember dimension="in-bse-fin:ReportableSegmentsFinanceCostsAxis">in-bse-fin:FourReportableSegmentResults04Member</xbrldi:explicitmember></xbrli:scenario></xbrli:context>
<xbrli:context id="FourReportableSegmentResults05D"><xbrli:entity><xbrli:identifier scheme="http://www.nseindia.com/NSESymbol">RELIANCE</xbrli:identifier></xbrli:entity><xbrli:period><xbrli:startdate>2021-07-01</xbrli:startdate><xbrli:enddate>2021-09-30</xbrli:enddate></xbrli:period><xbrli:scenario><xbrldi:explicitmember dimension="in-bse-fin:ReportableSegmentsFinanceCostsAxis">in-bse-fin:FourReportableSegmentResults05Member</xbrldi:explicitmember></xbrli:scenario></xbrli:context>
<xbrli:context id="FourReportableSegmentResults06D"><xbrli:entity><xbrli:identifier scheme="http://www.nseindia.com/NSESymbol">RELIANCE</xbrli:identifier></xbrli:entity><xbrli:period><xbrli:startdate>2021-07-01</xbrli:startdate><xbrli:enddate>2021-09-30</xbrli:enddate></xbrli:period><xbrli:scenario><xbrldi:explicitmember dimension="in-bse-fin:ReportableSegmentsFinanceCostsAxis">in-bse-fin:FourReportableSegmentResults06Member</xbrldi:explicitmember></xbrli:scenario></xbrli:context>
<xbrli:context id="OneReportableSegmentAssets01D"><xbrli:entity><xbrli:identifier scheme="http://www.nseindia.com/NSESymbol">RELIANCE</xbrli:identifier></xbrli:entity><xbrli:period><xbrli:startdate>2021-07-01</xbrli:startdate><xbrli:enddate>2021-09-30</xbrli:enddate></xbrli:period><xbrli:scenario><xbrldi:explicitmember dimension="in-bse-fin:ReportableSegmentAssetsAxis">in-bse-fin:OneReportableSegmentAssets01Member</xbrldi:explicitmember></xbrli:scenario></xbrli:context>
<xbrli:context id="OneReportableSegmentAssets02D"><xbrli:entity><xbrli:identifier scheme="http://www.nseindia.com/NSESymbol">RELIANCE</xbrli:identifier></xbrli:entity><xbrli:period><xbrli:startdate>2021-07-01</xbrli:startdate><xbrli:enddate>2021-09-30</xbrli:enddate></xbrli:period><xbrli:scenario><xbrldi:explicitmember dimension="in-bse-fin:ReportableSegmentAssetsAxis">in-bse-fin:OneReportableSegmentAssets02Member</xbrldi:explicitmember></xbrli:scenario></xbrli:context>
<xbrli:context id="OneReportableSegmentAssets03D"><xbrli:entity><xbrli:identifier scheme="http://www.nseindia.com/NSESymbol">RELIANCE</xbrli:identifier></xbrli:entity><xbrli:period><xbrli:startdate>2021-07-01</xbrli:startdate><xbrli:enddate>2021-09-30</xbrli:enddate></xbrli:period><xbrli:scenario><xbrldi:explicitmember dimension="in-bse-fin:ReportableSegmentAssetsAxis">in-bse-fin:OneReportableSegmentAssets03Member</xbrldi:explicitmember></xbrli:scenario></xbrli:context>
<xbrli:context id="OneReportableSegmentAssets04D"><xbrli:entity><xbrli:identifier scheme="http://www.nseindia.com/NSESymbol">RELIANCE</xbrli:identifier></xbrli:entity><xbrli:period><xbrli:startdate>2021-07-01</xbrli:startdate><xbrli:enddate>2021-09-30</xbrli:enddate></xbrli:period><xbrli:scenario><xbrldi:explicitmember dimension="in-bse-fin:ReportableSegmentAssetsAxis">in-bse-fin:OneReportableSegmentAssets04Member</xbrldi:explicitmember></xbrli:scenario></xbrli:context>
<xbrli:context id="OneReportableSegmentAssets05D"><xbrli:entity><xbrli:identifier scheme="http://www.nseindia.com/NSESymbol">RELIANCE</xbrli:identifier></xbrli:entity><xbrli:period><xbrli:startdate>2021-07-01</xbrli:startdate><xbrli:enddate>2021-09-30</xbrli:enddate></xbrli:period><xbrli:scenario><xbrldi:explicitmember dimension="in-bse-fin:ReportableSegmentAssetsAxis">in-bse-fin:OneReportableSegmentAssets05Member</xbrldi:explicitmember></xbrli:scenario></xbrli:context>
<xbrli:context id="OneReportableSegmentAssets06D"><xbrli:entity><xbrli:identifier scheme="http://www.nseindia.com/NSESymbol">RELIANCE</xbrli:identifier></xbrli:entity><xbrli:period><xbrli:startdate>2021-07-01</xbrli:startdate><xbrli:enddate>2021-09-30</xbrli:enddate></xbrli:period><xbrli:scenario><xbrldi:explicitmember dimension="in-bse-fin:ReportableSegmentAssetsAxis">in-bse-fin:OneReportableSegmentAssets06Member</xbrldi:explicitmember></xbrli:scenario></xbrli:context>
<xbrli:context id="OneReportableSegmentLiabilities01D"><xbrli:entity><xbrli:identifier scheme="http://www.nseindia.com/NSESymbol">RELIANCE</xbrli:identifier></xbrli:entity><xbrli:period><xbrli:startdate>2021-07-01</xbrli:startdate><xbrli:enddate>2021-09-30</xbrli:enddate></xbrli:period><xbrli:scenario><xbrldi:explicitmember dimension="in-bse-fin:ReportableSegmentLiabilitiesAxis">in-bse-fin:OneReportableSegmentLiabilities01Member</xbrldi:explicitmember></xbrli:scenario></xbrli:context>
<xbrli:context id="OneReportableSegmentLiabilities01I"><xbrli:entity><xbrli:identifier scheme="http://www.nseindia.com/NSESymbol">RELIANCE</xbrli:identifier></xbrli:entity><xbrli:period><xbrli:instant>2021-09-30</xbrli:instant></xbrli:period><xbrli:scenario><xbrldi:explicitmember dimension="in-bse-fin:ReportableSegmentLiabilitiesAxis">in-bse-fin:OneReportableSegmentLiabilities01Member</xbrldi:explicitmember></xbrli:scenario></xbrli:context>
<xbrli:context id="OneReportableSegmentLiabilities02D"><xbrli:entity><xbrli:identifier scheme="http://www.nseindia.com/NSESymbol">RELIANCE</xbrli:identifier></xbrli:entity><xbrli:period><xbrli:startdate>2021-07-01</xbrli:startdate><xbrli:enddate>2021-09-30</xbrli:enddate></xbrli:period><xbrli:scenario><xbrldi:explicitmember dimension="in-bse-fin:ReportableSegmentLiabilitiesAxis">in-bse-fin:OneReportableSegmentLiabilities02Member</xbrldi:explicitmember></xbrli:scenario></xbrli:context>
<xbrli:context id="OneReportableSegmentLiabilities02I"><xbrli:entity><xbrli:identifier scheme="http://www.nseindia.com/NSESymbol">RELIANCE</xbrli:identifier></xbrli:entity><xbrli:period><xbrli:instant>2021-09-30</xbrli:instant></xbrli:period><xbrli:scenario><xbrldi:explicitmember dimension="in-bse-fin:ReportableSegmentLiabilitiesAxis">in-bse-fin:OneReportableSegmentLiabilities02Member</xbrldi:explicitmember></xbrli:scenario></xbrli:context>
<xbrli:context id="OneReportableSegmentLiabilities03D"><xbrli:entity><xbrli:identifier scheme="http://www.nseindia.com/NSESymbol">RELIANCE</xbrli:identifier></xbrli:entity><xbrli:period><xbrli:startdate>2021-07-01</xbrli:startdate><xbrli:enddate>2021-09-30</xbrli:enddate></xbrli:period><xbrli:scenario><xbrldi:explicitmember dimension="in-bse-fin:ReportableSegmentLiabilitiesAxis">in-bse-fin:OneReportableSegmentLiabilities03Member</xbrldi:explicitmember></xbrli:scenario></xbrli:context>
<xbrli:context id="OneReportableSegmentLiabilities03I"><xbrli:entity><xbrli:identifier scheme="http://www.nseindia.com/NSESymbol">RELIANCE</xbrli:identifier></xbrli:entity><xbrli:period><xbrli:instant>2021-09-30</xbrli:instant></xbrli:period><xbrli:scenario><xbrldi:explicitmember dimension="in-bse-fin:ReportableSegmentLiabilitiesAxis">in-bse-fin:OneReportableSegmentLiabilities03Member</xbrldi:explicitmember></xbrli:scenario></xbrli:context>
<xbrli:context id="OneReportableSegmentLiabilities04D"><xbrli:entity><xbrli:identifier scheme="http://www.nseindia.com/NSESymbol">RELIANCE</xbrli:identifier></xbrli:entity><xbrli:period><xbrli:startdate>2021-07-01</xbrli:startdate><xbrli:enddate>2021-09-30</xbrli:enddate></xbrli:period><xbrli:scenario><xbrldi:explicitmember dimension="in-bse-fin:ReportableSegmentLiabilitiesAxis">in-bse-fin:OneReportableSegmentLiabilities04Member</xbrldi:explicitmember></xbrli:scenario></xbrli:context>
<xbrli:context id="OneReportableSegmentLiabilities04I"><xbrli:entity><xbrli:identifier scheme="http://www.nseindia.com/NSESymbol">RELIANCE</xbrli:identifier></xbrli:entity><xbrli:period><xbrli:instant>2021-09-30</xbrli:instant></xbrli:period><xbrli:scenario><xbrldi:explicitmember dimension="in-bse-fin:ReportableSegmentLiabilitiesAxis">in-bse-fin:OneReportableSegmentLiabilities04Member</xbrldi:explicitmember></xbrli:scenario></xbrli:context>
<xbrli:context id="OneReportableSegmentLiabilities05D"><xbrli:entity><xbrli:identifier scheme="http://www.nseindia.com/NSESymbol">RELIANCE</xbrli:identifier></xbrli:entity><xbrli:period><xbrli:startdate>2021-07-01</xbrli:startdate><xbrli:enddate>2021-09-30</xbrli:enddate></xbrli:period><xbrli:scenario><xbrldi:explicitmember dimension="in-bse-fin:ReportableSegmentLiabilitiesAxis">in-bse-fin:OneReportableSegmentLiabilities05Member</xbrldi:explicitmember></xbrli:scenario></xbrli:context>
<xbrli:context id="OneReportableSegmentLiabilities05I"><xbrli:entity><xbrli:identifier scheme="http://www.nseindia.com/NSESymbol">RELIANCE</xbrli:identifier></xbrli:entity><xbrli:period><xbrli:instant>2021-09-30</xbrli:instant></xbrli:period><xbrli:scenario><xbrldi:explicitmember dimension="in-bse-fin:ReportableSegmentLiabilitiesAxis">in-bse-fin:OneReportableSegmentLiabilities05Member</xbrldi:explicitmember></xbrli:scenario></xbrli:context>
<xbrli:context id="OneReportableSegmentLiabilities06D"><xbrli:entity><xbrli:identifier scheme="http://www.nseindia.com/NSESymbol">RELIANCE</xbrli:identifier></xbrli:entity><xbrli:period><xbrli:startdate>2021-07-01</xbrli:startdate><xbrli:enddate>2021-09-30</xbrli:enddate></xbrli:period><xbrli:scenario><xbrldi:explicitmember dimension="in-bse-fin:ReportableSegmentLiabilitiesAxis">in-bse-fin:OneReportableSegmentLiabilities06Member</xbrldi:explicitmember></xbrli:scenario></xbrli:context>
<xbrli:context id="OneReportableSegmentLiabilities06I"><xbrli:entity><xbrli:identifier scheme="http://www.nseindia.com/NSESymbol">RELIANCE</xbrli:identifier></xbrli:entity><xbrli:period><xbrli:instant>2021-09-30</xbrli:instant></xbrli:period><xbrli:scenario><xbrldi:explicitmember dimension="in-bse-fin:ReportableSegmentLiabilitiesAxis">in-bse-fin:OneReportableSegmentLiabilities06Member</xbrldi:explicitmember></xbrli:scenario></xbrli:context>
<xbrli:context id="OneItemsThatWillNotBeReclassifiedToProfitAndLoss01D"><xbrli:entity><xbrli:identifier scheme="http://www.nseindia.com/NSESymbol">RELIANCE</xbrli:identifier></xbrli:entity><xbrli:period><xbrli:startdate>2021-07-01</xbrli:startdate><xbrli:enddate>2021-09-30</xbrli:enddate></xbrli:period><xbrli:scenario><xbrldi:typedmember dimension="in-bse-fin:ItemsThatWillNotBeReclassifiedToProfitAndLossAxis"><itemsthatwillnotbereclassifiedtoprofitandlossdomain xmlns="">in-bse-fin:OneItemsThatWillNotBeReclassifiedToProfitAndLoss01Member</itemsthatwillnotbereclassifiedtoprofitandlossdomain></xbrldi:typedmember></xbrli:scenario></xbrli:context>
<xbrli:context id="FourItemsThatWillNotBeReclassifiedToProfitAndLoss01D"><xbrli:entity><xbrli:identifier scheme="http://www.nseindia.com/NSESymbol">RELIANCE</xbrli:identifier></xbrli:entity><xbrli:period><xbrli:startdate>2021-07-01</xbrli:startdate><xbrli:enddate>2021-09-30</xbrli:enddate></xbrli:period><xbrli:scenario><xbrldi:typedmember dimension="in-bse-fin:ItemsThatWillNotBeReclassifiedToProfitAndLossAxis"><itemsthatwillnotbereclassifiedtoprofitandlossdomain xmlns="">in-bse-fin:FourItemsThatWillNotBeReclassifiedToProfitAndLoss01Member</itemsthatwillnotbereclassifiedtoprofitandlossdomain></xbrldi:typedmember></xbrli:scenario></xbrli:context>
<xbrli:context id="OneItemsThatWillBeReclassifiedToProfitAndLoss01D"><xbrli:entity><xbrli:identifier scheme="http://www.nseindia.com/NSESymbol">RELIANCE</xbrli:identifier></xbrli:entity><xbrli:period><xbrli:startdate>2021-07-01</xbrli:startdate><xbrli:enddate>2021-09-30</xbrli:enddate></xbrli:period><xbrli:scenario><xbrldi:typedmember dimension="in-bse-fin:ItemsThatWillBeReclassifiedToProfitAndLossAxis"><itemsthatwillbereclassifiedtoprofitandlossdomain xmlns="">in-bse-fin:OneItemsThatWillBeReclassifiedToProfitAndLoss01Member</itemsthatwillbereclassifiedtoprofitandlossdomain></xbrldi:typedmember></xbrli:scenario></xbrli:context>
<xbrli:context id="FourItemsThatWillBeReclassifiedToProfitAndLoss01D"><xbrli:entity><xbrli:identifier scheme="http://www.nseindia.com/NSESymbol">RELIANCE</xbrli:identifier></xbrli:entity><xbrli:period><xbrli:startdate>2021-07-01</xbrli:startdate><xbrli:enddate>2021-09-30</xbrli:enddate></xbrli:period><xbrli:scenario><xbrldi:typedmember dimension="in-bse-fin:ItemsThatWillBeReclassifiedToProfitAndLossAxis"><itemsthatwillbereclassifiedtoprofitandlossdomain xmlns="">in-bse-fin:FourItemsThatWillBeReclassifiedToProfitAndLoss01Member</itemsthatwillbereclassifiedtoprofitandlossdomain></xbrldi:typedmember></xbrli:scenario></xbrli:context>
<xbrli:unit id="INR"><xbrli:measure>iso4217:INR</xbrli:measure></xbrli:unit><xbrli:unit id="pure"><xbrli:measure>xbrli:pure</xbrli:measure></xbrli:unit><xbrli:unit id="shares"><xbrli:measure>xbrli:shares</xbrli:measure></xbrli:unit><xbrli:unit id="INRPerShare"><xbrli:divide><xbrli:unitnumerator><xbrli:measure>iso4217:INR</xbrli:measure></xbrli:unitnumerator><xbrli:unitdenominator><xbrli:measure>xbrli:shares</xbrli:measure></xbrli:unitdenominator></xbrli:divide></xbrli:unit>
<in-bse-fin:symbol contextref="OneD">RELIANCE</in-bse-fin:symbol>
<in-bse-fin:dateofstartoffinancialyear contextref="OneD">2021-04-01</in-bse-fin:dateofstartoffinancialyear>
<in-bse-fin:dateofendoffinancialyear contextref="OneD">2022-03-31</in-bse-fin:dateofendoffinancialyear>
<in-bse-fin:dateonwhichpriorintimationofthemeetingforconsideringfinancialresultswasinformedtotheexcha contextref="OneD" nge="">2021-10-13</in-bse-fin:dateonwhichpriorintimationofthemeetingforconsideringfinancialresultswasinformedtotheexcha>
<in-bse-fin:descriptionofpresentationcurrency contextref="OneD">INR</in-bse-fin:descriptionofpresentationcurrency>
<in-bse-fin:levelofroundingusedinfinancialstatements contextref="OneD">Crores</in-bse-fin:levelofroundingusedinfinancialstatements>
<in-bse-fin:reportingquarter contextref="OneD">Half yearly</in-bse-fin:reportingquarter>
<in-bse-fin:whethercashflowstatementisapplicableoncompany contextref="OneD">true</in-bse-fin:whethercashflowstatementisapplicableoncompany>
<in-bse-fin:typeofcashflowstatement contextref="OneD">Cash Flow Indirect</in-bse-fin:typeofcashflowstatement>
<in-bse-fin:iscompanyreportingmultisegmentorsinglesegment contextref="OneD">Multi segment</in-bse-fin:iscompanyreportingmultisegmentorsinglesegment>
<in-bse-fin:dateofstartofreportingperiod contextref="OneD">2021-07-01</in-bse-fin:dateofstartofreportingperiod>
<in-bse-fin:dateofendofreportingperiod contextref="OneD">2021-09-30</in-bse-fin:dateofendofreportingperiod>
<in-bse-fin:whetherresultsareauditedorunaudited contextref="OneD">Unaudited</in-bse-fin:whetherresultsareauditedorunaudited>
<in-bse-fin:natureofreportstandaloneconsolidated contextref="OneD">Standalone</in-bse-fin:natureofreportstandaloneconsolidated>
<in-bse-fin:revenuefromoperations contextref="OneD" decimals="-7" unitref="INR">1034180000000.00</in-bse-fin:revenuefromoperations>
<in-bse-fin:otherincome contextref="OneD" decimals="-7" unitref="INR">37690000000.00</in-bse-fin:otherincome>
<in-bse-fin:income contextref="OneD" decimals="-7" unitref="INR">1071870000000.00</in-bse-fin:income>
<in-bse-fin:costofmaterialsconsumed contextref="OneD" decimals="-7" unitref="INR">714240000000.00</in-bse-fin:costofmaterialsconsumed>
<in-bse-fin:purchasesofstockintrade contextref="OneD" decimals="-7" unitref="INR">26190000000.00</in-bse-fin:purchasesofstockintrade>
<in-bse-fin:changesininventoriesoffinishedgoodsworkinprogressandstockintrade contextref="OneD" decimals="-7" unitref="INR">-13670000000.00</in-bse-fin:changesininventoriesoffinishedgoodsworkinprogressandstockintrade>
<in-bse-fin:employeebenefitexpense contextref="OneD" decimals="-7" unitref="INR">13860000000.00</in-bse-fin:employeebenefitexpense>
<in-bse-fin:financecosts contextref="OneD" decimals="-7" unitref="INR">24870000000.00</in-bse-fin:financecosts>
<in-bse-fin:depreciationdepletionandamortisationexpense contextref="OneD" decimals="-7" unitref="INR">27050000000.00</in-bse-fin:depreciationdepletionandamortisationexpense>
<in-bse-fin:otherexpenses contextref="OneD" decimals="-7" unitref="INR">169790000000.00</in-bse-fin:otherexpenses>
<in-bse-fin:expenses contextref="OneD" decimals="-7" unitref="INR">962330000000.00</in-bse-fin:expenses>
<in-bse-fin:profitbeforeexceptionalitemsandtax contextref="OneD" decimals="-7" unitref="INR">109540000000.00</in-bse-fin:profitbeforeexceptionalitemsandtax>
<in-bse-fin:exceptionalitemsbeforetax contextref="OneD" decimals="-7" unitref="INR">0.00</in-bse-fin:exceptionalitemsbeforetax>
<in-bse-fin:profitbeforetax contextref="OneD" decimals="-7" unitref="INR">109540000000.00</in-bse-fin:profitbeforetax>
<in-bse-fin:currenttax contextref="OneD" decimals="-7" unitref="INR">19250000000.00</in-bse-fin:currenttax>
<in-bse-fin:deferredtax contextref="OneD" decimals="-7" unitref="INR">-1990000000.00</in-bse-fin:deferredtax>
<in-bse-fin:taxexpense contextref="OneD" decimals="-7" unitref="INR">17260000000.00</in-bse-fin:taxexpense>
<in-bse-fin:netmovementinregulatorydeferralaccountbalancesrelatedtoprofitorlossandtherelateddeferredt axmovement="" contextref="OneD" decimals="-7" unitref="INR">0.00</in-bse-fin:netmovementinregulatorydeferralaccountbalancesrelatedtoprofitorlossandtherelateddeferredt>
<in-bse-fin:profitlossforperiodfromcontinuingoperations contextref="OneD" decimals="-7" unitref="INR">92280000000.00</in-bse-fin:profitlossforperiodfromcontinuingoperations>
<in-bse-fin:profitlossfromdiscontinuedoperationsbeforetax contextref="OneD" decimals="-7" unitref="INR">0.00</in-bse-fin:profitlossfromdiscontinuedoperationsbeforetax>
<in-bse-fin:taxexpenseofdiscontinuedoperations contextref="OneD" decimals="-7" unitref="INR">0.00</in-bse-fin:taxexpenseofdiscontinuedoperations>
<in-bse-fin:profitlossfromdiscontinuedoperationsaftertax contextref="OneD" decimals="-7" unitref="INR">0.00</in-bse-fin:profitlossfromdiscontinuedoperationsaftertax>
<in-bse-fin:shareofprofitlossofassociatesandjointventuresaccountedforusingequitymethod contextref="OneD" decimals="-7" unitref="INR">0.00</in-bse-fin:shareofprofitlossofassociatesandjointventuresaccountedforusingequitymethod>
<in-bse-fin:profitlossforperiod contextref="OneD" decimals="-7" unitref="INR">92280000000.00</in-bse-fin:profitlossforperiod>
<in-bse-fin:othercomprehensiveincomenetoftaxes contextref="OneD" decimals="-7" unitref="INR">7920000000.00</in-bse-fin:othercomprehensiveincomenetoftaxes>
<in-bse-fin:comprehensiveincomefortheperiod contextref="OneD" decimals="-7" unitref="INR">100200000000.00</in-bse-fin:comprehensiveincomefortheperiod>
<in-bse-fin:comprehensiveincomefortheperiodattributabletoownersofparent contextref="OneD" decimals="-7" unitref="INR">0.00</in-bse-fin:comprehensiveincomefortheperiodattributabletoownersofparent>
<in-bse-fin:comprehensiveincomefortheperiodattributabletoownersofparentnoncontrollinginterests contextref="OneD" decimals="-7" unitref="INR">0.00</in-bse-fin:comprehensiveincomefortheperiodattributabletoownersofparentnoncontrollinginterests>
<in-bse-fin:paidupvalueofequitysharecapital contextref="OneD" decimals="-7" unitref="INR">65510000000.00</in-bse-fin:paidupvalueofequitysharecapital>
<in-bse-fin:facevalueofequitysharecapital contextref="OneD" decimals="INF" unitref="INRPerShare">10</in-bse-fin:facevalueofequitysharecapital>
<in-bse-fin:basicearningslosspersharefromcontinuingoperations contextref="OneD" decimals="INF" unitref="INRPerShare">14.09</in-bse-fin:basicearningslosspersharefromcontinuingoperations>
<in-bse-fin:dilutedearningslosspersharefromcontinuingoperations contextref="OneD" decimals="INF" unitref="INRPerShare">13.89</in-bse-fin:dilutedearningslosspersharefromcontinuingoperations>
<in-bse-fin:basicearningslosspersharefromdiscontinuedoperations contextref="OneD" decimals="INF" unitref="INRPerShare">0.00</in-bse-fin:basicearningslosspersharefromdiscontinuedoperations>
<in-bse-fin:dilutedearningslosspersharefromdiscontinuedoperations contextref="OneD" decimals="INF" unitref="INRPerShare">0.00</in-bse-fin:dilutedearningslosspersharefromdiscontinuedoperations>
<in-bse-fin:basicearningslosspersharefromcontinuinganddiscontinuedoperations contextref="OneD" decimals="INF" unitref="INRPerShare">14.09</in-bse-fin:basicearningslosspersharefromcontinuinganddiscontinuedoperations>
<in-bse-fin:dilutedearningslosspersharefromcontinuinganddiscontinuedoperations contextref="OneD" decimals="INF" unitref="INRPerShare">13.89</in-bse-fin:dilutedearningslosspersharefromcontinuinganddiscontinuedoperations>
<in-bse-fin:debtequityratio contextref="OneD" decimals="INF" unitref="pure">0.00</in-bse-fin:debtequityratio>
<in-bse-fin:debtservicecoverageratio contextref="OneD" decimals="INF" unitref="pure">0.02</in-bse-fin:debtservicecoverageratio>
<in-bse-fin:interestservicecoverageratio contextref="OneD" decimals="INF" unitref="pure">0.05</in-bse-fin:interestservicecoverageratio>
<in-bse-fin:iscompanyreportingmultisegmentorsinglesegment contextref="FourD">Multi segment</in-bse-fin:iscompanyreportingmultisegmentorsinglesegment>
<in-bse-fin:dateofstartofreportingperiod contextref="FourD">2021-04-01</in-bse-fin:dateofstartofreportingperiod>
<in-bse-fin:dateofendofreportingperiod contextref="FourD">2021-09-30</in-bse-fin:dateofendofreportingperiod>
<in-bse-fin:whetherresultsareauditedorunaudited contextref="FourD">Unaudited</in-bse-fin:whetherresultsareauditedorunaudited>
<in-bse-fin:natureofreportstandaloneconsolidated contextref="FourD">Standalone</in-bse-fin:natureofreportstandaloneconsolidated>
<in-bse-fin:revenuefromoperations contextref="FourD" decimals="-7" unitref="INR">1939880000000.00</in-bse-fin:revenuefromoperations>
<in-bse-fin:otherincome contextref="FourD" decimals="-7" unitref="INR">73570000000.00</in-bse-fin:otherincome>
<in-bse-fin:income contextref="FourD" decimals="-7" unitref="INR">2013450000000.00</in-bse-fin:income>
<in-bse-fin:costofmaterialsconsumed contextref="FourD" decimals="-7" unitref="INR">1396540000000.00</in-bse-fin:costofmaterialsconsumed>
<in-bse-fin:purchasesofstockintrade contextref="FourD" decimals="-7" unitref="INR">48590000000.00</in-bse-fin:purchasesofstockintrade>
<in-bse-fin:changesininventoriesoffinishedgoodsworkinprogressandstockintrade contextref="FourD" decimals="-7" unitref="INR">-82530000000.00</in-bse-fin:changesininventoriesoffinishedgoodsworkinprogressandstockintrade>
<in-bse-fin:employeebenefitexpense contextref="FourD" decimals="-7" unitref="INR">27230000000.00</in-bse-fin:employeebenefitexpense>
<in-bse-fin:financecosts contextref="FourD" decimals="-7" unitref="INR">48380000000.00</in-bse-fin:financecosts>
<in-bse-fin:depreciationdepletionandamortisationexpense contextref="FourD" decimals="-7" unitref="INR">52140000000.00</in-bse-fin:depreciationdepletionandamortisationexpense>
<in-bse-fin:otherexpenses contextref="FourD" decimals="-7" unitref="INR">311680000000.00</in-bse-fin:otherexpenses>
<in-bse-fin:expenses contextref="FourD" decimals="-7" unitref="INR">1802030000000.00</in-bse-fin:expenses>
<in-bse-fin:profitbeforeexceptionalitemsandtax contextref="FourD" decimals="-7" unitref="INR">211420000000.00</in-bse-fin:profitbeforeexceptionalitemsandtax>
<in-bse-fin:exceptionalitemsbeforetax contextref="FourD" decimals="-7" unitref="INR">0.00</in-bse-fin:exceptionalitemsbeforetax>
<in-bse-fin:profitbeforetax contextref="FourD" decimals="-7" unitref="INR">211420000000.00</in-bse-fin:profitbeforetax>
<in-bse-fin:currenttax contextref="FourD" decimals="-7" unitref="INR">37170000000.00</in-bse-fin:currenttax>
<in-bse-fin:deferredtax contextref="FourD" decimals="-7" unitref="INR">-3980000000.00</in-bse-fin:deferredtax>
<in-bse-fin:taxexpense contextref="FourD" decimals="-7" unitref="INR">33190000000.00</in-bse-fin:taxexpense>
<in-bse-fin:netmovementinregulatorydeferralaccountbalancesrelatedtoprofitorlossandtherelateddeferredt axmovement="" contextref="FourD" decimals="-7" unitref="INR">0.00</in-bse-fin:netmovementinregulatorydeferralaccountbalancesrelatedtoprofitorlossandtherelateddeferredt>
<in-bse-fin:profitlossforperiodfromcontinuingoperations contextref="FourD" decimals="-7" unitref="INR">178230000000.00</in-bse-fin:profitlossforperiodfromcontinuingoperations>
<in-bse-fin:profitlossfromdiscontinuedoperationsbeforetax contextref="FourD" decimals="-7" unitref="INR">0.00</in-bse-fin:profitlossfromdiscontinuedoperationsbeforetax>
<in-bse-fin:taxexpenseofdiscontinuedoperations contextref="FourD" decimals="-7" unitref="INR">0.00</in-bse-fin:taxexpenseofdiscontinuedoperations>
<in-bse-fin:profitlossfromdiscontinuedoperationsaftertax contextref="FourD" decimals="-7" unitref="INR">0.00</in-bse-fin:profitlossfromdiscontinuedoperationsaftertax>
<in-bse-fin:shareofprofitlossofassociatesandjointventuresaccountedforusingequitymethod contextref="FourD" decimals="-7" unitref="INR">0.00</in-bse-fin:shareofprofitlossofassociatesandjointventuresaccountedforusingequitymethod>
<in-bse-fin:profitlossforperiod contextref="FourD" decimals="-7" unitref="INR">178230000000.00</in-bse-fin:profitlossforperiod>
<in-bse-fin:othercomprehensiveincomenetoftaxes contextref="FourD" decimals="-7" unitref="INR">-4750000000.00</in-bse-fin:othercomprehensiveincomenetoftaxes>
<in-bse-fin:comprehensiveincomefortheperiod contextref="FourD" decimals="-7" unitref="INR">173480000000.00</in-bse-fin:comprehensiveincomefortheperiod>
<in-bse-fin:comprehensiveincomefortheperiodattributabletoownersofparent contextref="FourD" decimals="-7" unitref="INR">0.00</in-bse-fin:comprehensiveincomefortheperiodattributabletoownersofparent>
<in-bse-fin:comprehensiveincomefortheperiodattributabletoownersofparentnoncontrollinginterests contextref="FourD" decimals="-7" unitref="INR">0.00</in-bse-fin:comprehensiveincomefortheperiodattributabletoownersofparentnoncontrollinginterests>
<in-bse-fin:paidupvalueofequitysharecapital contextref="FourD" decimals="-7" unitref="INR">65510000000.00</in-bse-fin:paidupvalueofequitysharecapital>
<in-bse-fin:facevalueofequitysharecapital contextref="FourD" decimals="INF" unitref="INRPerShare">10</in-bse-fin:facevalueofequitysharecapital>
<in-bse-fin:basicearningslosspersharefromcontinuingoperations contextref="FourD" decimals="INF" unitref="INRPerShare">27.37</in-bse-fin:basicearningslosspersharefromcontinuingoperations>
<in-bse-fin:dilutedearningslosspersharefromcontinuingoperations contextref="FourD" decimals="INF" unitref="INRPerShare">26.93</in-bse-fin:dilutedearningslosspersharefromcontinuingoperations>
<in-bse-fin:basicearningslosspersharefromdiscontinuedoperations contextref="FourD" decimals="INF" unitref="INRPerShare">0.00</in-bse-fin:basicearningslosspersharefromdiscontinuedoperations>
<in-bse-fin:dilutedearningslosspersharefromdiscontinuedoperations contextref="FourD" decimals="INF" unitref="INRPerShare">0.00</in-bse-fin:dilutedearningslosspersharefromdiscontinuedoperations>
<in-bse-fin:basicearningslosspersharefromcontinuinganddiscontinuedoperations contextref="FourD" decimals="INF" unitref="INRPerShare">27.37</in-bse-fin:basicearningslosspersharefromcontinuinganddiscontinuedoperations>
<in-bse-fin:dilutedearningslosspersharefromcontinuinganddiscontinuedoperations contextref="FourD" decimals="INF" unitref="INRPerShare">26.93</in-bse-fin:dilutedearningslosspersharefromcontinuinganddiscontinuedoperations>
<in-bse-fin:debtequityratio contextref="FourD" decimals="INF" unitref="pure">0.00</in-bse-fin:debtequityratio>
<in-bse-fin:debtservicecoverageratio contextref="FourD" decimals="INF" unitref="pure">0.02</in-bse-fin:debtservicecoverageratio>
<in-bse-fin:interestservicecoverageratio contextref="FourD" decimals="INF" unitref="pure">0.05</in-bse-fin:interestservicecoverageratio>
<in-bse-fin:descriptionofotherexpenses contextref="OneOperatingExpenses01D">Excise Duty</in-bse-fin:descriptionofotherexpenses>
<in-bse-fin:otherexpenses contextref="OneOperatingExpenses01D" decimals="-7" unitref="INR">64930000000.00</in-bse-fin:otherexpenses>
<in-bse-fin:descriptionofotherexpenses contextref="OneOperatingExpenses02D">Other Expenses</in-bse-fin:descriptionofotherexpenses>
<in-bse-fin:otherexpenses contextref="OneOperatingExpenses02D" decimals="-7" unitref="INR">104860000000.00</in-bse-fin:otherexpenses>
<in-bse-fin:descriptionofotherexpenses contextref="FourOperatingExpenses01D">Excise Duty</in-bse-fin:descriptionofotherexpenses>
<in-bse-fin:otherexpenses contextref="FourOperatingExpenses01D" decimals="-7" unitref="INR">109160000000.00</in-bse-fin:otherexpenses>
<in-bse-fin:descriptionofotherexpenses contextref="FourOperatingExpenses02D">Other Expenses</in-bse-fin:descriptionofotherexpenses>
<in-bse-fin:otherexpenses contextref="FourOperatingExpenses02D" decimals="-7" unitref="INR">202520000000.00</in-bse-fin:otherexpenses>
<in-bse-fin:descriptionofreportablesegment contextref="OneReportableSegmentRevenue01D">Digital Services</in-bse-fin:descriptionofreportablesegment>
<in-bse-fin:segmentrevenue contextref="OneReportableSegmentRevenue01D" decimals="-7" unitref="INR">3280000000.00</in-bse-fin:segmentrevenue>
<in-bse-fin:descriptionofreportablesegment contextref="OneReportableSegmentRevenue02D">Financial Services</in-bse-fin:descriptionofreportablesegment>
<in-bse-fin:segmentrevenue contextref="OneReportableSegmentRevenue02D" decimals="-7" unitref="INR">3460000000.00</in-bse-fin:segmentrevenue>
<in-bse-fin:descriptionofreportablesegment contextref="OneReportableSegmentRevenue03D">Oil &amp; Gas</in-bse-fin:descriptionofreportablesegment>
<in-bse-fin:segmentrevenue contextref="OneReportableSegmentRevenue03D" decimals="-7" unitref="INR">12460000000.00</in-bse-fin:segmentrevenue>
<in-bse-fin:descriptionofreportablesegment contextref="OneReportableSegmentRevenue04D">Oil to Chemicals (O2C)</in-bse-fin:descriptionofreportablesegment>
<in-bse-fin:segmentrevenue contextref="OneReportableSegmentRevenue04D" decimals="-7" unitref="INR">1065170000000.00</in-bse-fin:segmentrevenue>
<in-bse-fin:descriptionofreportablesegment contextref="OneReportableSegmentRevenue05D">Others</in-bse-fin:descriptionofreportablesegment>
<in-bse-fin:segmentrevenue contextref="OneReportableSegmentRevenue05D" decimals="-7" unitref="INR">3550000000.00</in-bse-fin:segmentrevenue>
<in-bse-fin:descriptionofreportablesegment contextref="OneReportableSegmentRevenue06D">Retail</in-bse-fin:descriptionofreportablesegment>
<in-bse-fin:segmentrevenue contextref="OneReportableSegmentRevenue06D" decimals="-7" unitref="INR">230000000.00</in-bse-fin:segmentrevenue>
<in-bse-fin:descriptionofreportablesegment contextref="FourReportableSegmentRevenue01D">Digital Services</in-bse-fin:descriptionofreportablesegment>
<in-bse-fin:segmentrevenue contextref="FourReportableSegmentRevenue01D" decimals="-7" unitref="INR">7100000000.00</in-bse-fin:segmentrevenue>
<in-bse-fin:descriptionofreportablesegment contextref="FourReportableSegmentRevenue02D">Financial Services</in-bse-fin:descriptionofreportablesegment>
<in-bse-fin:segmentrevenue contextref="FourReportableSegmentRevenue02D" decimals="-7" unitref="INR">6580000000.00</in-bse-fin:segmentrevenue>
<in-bse-fin:descriptionofreportablesegment contextref="FourReportableSegmentRevenue03D">Oil &amp; Gas</in-bse-fin:descriptionofreportablesegment>
<in-bse-fin:segmentrevenue contextref="FourReportableSegmentRevenue03D" decimals="-7" unitref="INR">22910000000.00</in-bse-fin:segmentrevenue>
<in-bse-fin:descriptionofreportablesegment contextref="FourReportableSegmentRevenue04D">Oil to Chemicals (O2C)</in-bse-fin:descriptionofreportablesegment>
<in-bse-fin:segmentrevenue contextref="FourReportableSegmentRevenue04D" decimals="-7" unitref="INR">1993460000000.00</in-bse-fin:segmentrevenue>
<in-bse-fin:descriptionofreportablesegment contextref="FourReportableSegmentRevenue05D">Others</in-bse-fin:descriptionofreportablesegment>
<in-bse-fin:segmentrevenue contextref="FourReportableSegmentRevenue05D" decimals="-7" unitref="INR">5980000000.00</in-bse-fin:segmentrevenue>
<in-bse-fin:descriptionofreportablesegment contextref="FourReportableSegmentRevenue06D">Retail</in-bse-fin:descriptionofreportablesegment>
<in-bse-fin:segmentrevenue contextref="FourReportableSegmentRevenue06D" decimals="-7" unitref="INR">430000000.00</in-bse-fin:segmentrevenue>
<in-bse-fin:segmentrevenue contextref="OneD" decimals="-7" unitref="INR">1088150000000.00</in-bse-fin:segmentrevenue>
<in-bse-fin:segmentrevenue contextref="FourD" decimals="-7" unitref="INR">2036460000000.00</in-bse-fin:segmentrevenue>
<in-bse-fin:intersegmentrevenue contextref="OneD" decimals="-7" unitref="INR">650000000.00</in-bse-fin:intersegmentrevenue>
<in-bse-fin:intersegmentrevenue contextref="FourD" decimals="-7" unitref="INR">930000000.00</in-bse-fin:intersegmentrevenue>
<in-bse-fin:segmentrevenuefromoperations contextref="OneD" decimals="-7" unitref="INR">1087500000000.00</in-bse-fin:segmentrevenuefromoperations>
<in-bse-fin:segmentrevenuefromoperations contextref="FourD" decimals="-7" unitref="INR">2035530000000.00</in-bse-fin:segmentrevenuefromoperations>
<in-bse-fin:descriptionofreportablesegment contextref="OneReportableSegmentResults01D">Digital Services</in-bse-fin:descriptionofreportablesegment>
<in-bse-fin:segmentprofitlossbeforetaxandfinancecosts contextref="OneReportableSegmentResults01D" decimals="-7" unitref="INR">490000000.00</in-bse-fin:segmentprofitlossbeforetaxandfinancecosts>
<in-bse-fin:descriptionofreportablesegment contextref="OneReportableSegmentResults02D">Financial Services</in-bse-fin:descriptionofreportablesegment>
<in-bse-fin:segmentprofitlossbeforetaxandfinancecosts contextref="OneReportableSegmentResults02D" decimals="-7" unitref="INR">3460000000.00</in-bse-fin:segmentprofitlossbeforetaxandfinancecosts>
<in-bse-fin:descriptionofreportablesegment contextref="OneReportableSegmentResults03D">Oil &amp; Gas</in-bse-fin:descriptionofreportablesegment>
<in-bse-fin:segmentprofitlossbeforetaxandfinancecosts contextref="OneReportableSegmentResults03D" decimals="-7" unitref="INR">2980000000.00</in-bse-fin:segmentprofitlossbeforetaxandfinancecosts>
<in-bse-fin:descriptionofreportablesegment contextref="OneReportableSegmentResults04D">Oil to Chemicals (O2C)</in-bse-fin:descriptionofreportablesegment>
<in-bse-fin:segmentprofitlossbeforetaxandfinancecosts contextref="OneReportableSegmentResults04D" decimals="-7" unitref="INR">103710000000.00</in-bse-fin:segmentprofitlossbeforetaxandfinancecosts>
<in-bse-fin:descriptionofreportablesegment contextref="OneReportableSegmentResults05D">Others</in-bse-fin:descriptionofreportablesegment>
<in-bse-fin:segmentprofitlossbeforetaxandfinancecosts contextref="OneReportableSegmentResults05D" decimals="-7" unitref="INR">-140000000.00</in-bse-fin:segmentprofitlossbeforetaxandfinancecosts>
<in-bse-fin:descriptionofreportablesegment contextref="OneReportableSegmentResults06D">Retail</in-bse-fin:descriptionofreportablesegment>
<in-bse-fin:segmentprofitlossbeforetaxandfinancecosts contextref="OneReportableSegmentResults06D" decimals="-7" unitref="INR">60000000.00</in-bse-fin:segmentprofitlossbeforetaxandfinancecosts>
<in-bse-fin:descriptionofreportablesegment contextref="FourReportableSegmentResults01D">Digital Services</in-bse-fin:descriptionofreportablesegment>
<in-bse-fin:segmentprofitlossbeforetaxandfinancecosts contextref="FourReportableSegmentResults01D" decimals="-7" unitref="INR">1290000000.00</in-bse-fin:segmentprofitlossbeforetaxandfinancecosts>
<in-bse-fin:descriptionofreportablesegment contextref="FourReportableSegmentResults02D">Financial Services</in-bse-fin:descriptionofreportablesegment>
<in-bse-fin:segmentprofitlossbeforetaxandfinancecosts contextref="FourReportableSegmentResults02D" decimals="-7" unitref="INR">6580000000.00</in-bse-fin:segmentprofitlossbeforetaxandfinancecosts>
<in-bse-fin:descriptionofreportablesegment contextref="FourReportableSegmentResults03D">Oil &amp; Gas</in-bse-fin:descriptionofreportablesegment>
<in-bse-fin:segmentprofitlossbeforetaxandfinancecosts contextref="FourReportableSegmentResults03D" decimals="-7" unitref="INR">4580000000.00</in-bse-fin:segmentprofitlossbeforetaxandfinancecosts>
<in-bse-fin:descriptionofreportablesegment contextref="FourReportableSegmentResults04D">Oil to Chemicals (O2C)</in-bse-fin:descriptionofreportablesegment>
<in-bse-fin:segmentprofitlossbeforetaxandfinancecosts contextref="FourReportableSegmentResults04D" decimals="-7" unitref="INR">205210000000.00</in-bse-fin:segmentprofitlossbeforetaxandfinancecosts>
<in-bse-fin:descriptionofreportablesegment contextref="FourReportableSegmentResults05D">Others</in-bse-fin:descriptionofreportablesegment>
<in-bse-fin:segmentprofitlossbeforetaxandfinancecosts contextref="FourReportableSegmentResults05D" decimals="-7" unitref="INR">-210000000.00</in-bse-fin:segmentprofitlossbeforetaxandfinancecosts>
<in-bse-fin:descriptionofreportablesegment contextref="FourReportableSegmentResults06D">Retail</in-bse-fin:descriptionofreportablesegment>
<in-bse-fin:segmentprofitlossbeforetaxandfinancecosts contextref="FourReportableSegmentResults06D" decimals="-7" unitref="INR">140000000.00</in-bse-fin:segmentprofitlossbeforetaxandfinancecosts>
<in-bse-fin:segmentprofitlossbeforetaxandfinancecosts contextref="OneD" decimals="-7" unitref="INR">110560000000.00</in-bse-fin:segmentprofitlossbeforetaxandfinancecosts>
<in-bse-fin:segmentprofitlossbeforetaxandfinancecosts contextref="FourD" decimals="-7" unitref="INR">217590000000.00</in-bse-fin:segmentprofitlossbeforetaxandfinancecosts>
<in-bse-fin:segmentfinancecosts contextref="OneD" decimals="-7" unitref="INR">24870000000.00</in-bse-fin:segmentfinancecosts>
<in-bse-fin:segmentfinancecosts contextref="FourD" decimals="-7" unitref="INR">48380000000.00</in-bse-fin:segmentfinancecosts>
<in-bse-fin:otherunallocableexpenditurenetoffunallocableincome contextref="OneD" decimals="-7" unitref="INR">-23850000000.00</in-bse-fin:otherunallocableexpenditurenetoffunallocableincome>
<in-bse-fin:disclosureofnotesonsegmentsexplanatorytextblock contextref="OneD">1. Q2 FY22 Segment Revenue includes Rs 5,332 crore GST recovered. Net Revenue is Rs 103,418 crore      2. H1 FY22 Segment Revenue includes Rs 9,565 crore GST recovered. Net Revenue is Rs 193,988 crore      3. Oil to Chemicals and Financial Services Segment results includes Interest income/Other Income pertaining to the respective segments      4. Segment assets and liabilities have been grossed up with respect to advance from customers, bill discounting and other non-current assets whereas the same are netted off in the respective heads of Balance Sheet.</in-bse-fin:disclosureofnotesonsegmentsexplanatorytextblock>
<in-bse-fin:otherunallocableexpenditurenetoffunallocableincome contextref="FourD" decimals="-7" unitref="INR">-42210000000.00</in-bse-fin:otherunallocableexpenditurenetoffunallocableincome>
<in-bse-fin:segmentprofitbeforetax contextref="OneD" decimals="-7" unitref="INR">109540000000.00</in-bse-fin:segmentprofitbeforetax>
<in-bse-fin:segmentprofitbeforetax contextref="FourD" decimals="-7" unitref="INR">211420000000.00</in-bse-fin:segmentprofitbeforetax>
<in-bse-fin:descriptionofreportablesegment contextref="OneReportableSegmentAssets01D">Digital Services</in-bse-fin:descriptionofreportablesegment>
<in-bse-fin:segmentassets contextref="OneReportableSegmentAssets01D" decimals="-7" unitref="INR">643340000000.00</in-bse-fin:segmentassets>
<in-bse-fin:descriptionofreportablesegment contextref="OneReportableSegmentAssets02D">Financial Services</in-bse-fin:descriptionofreportablesegment>
<in-bse-fin:segmentassets contextref="OneReportableSegmentAssets02D" decimals="-7" unitref="INR">327600000000.00</in-bse-fin:segmentassets>
<in-bse-fin:descriptionofreportablesegment contextref="OneReportableSegmentAssets03D">Oil &amp; Gas</in-bse-fin:descriptionofreportablesegment>
<in-bse-fin:segmentassets contextref="OneReportableSegmentAssets03D" decimals="-7" unitref="INR">334700000000.00</in-bse-fin:segmentassets>
<in-bse-fin:descriptionofreportablesegment contextref="OneReportableSegmentAssets04D">Oil to Chemicals (O2C)</in-bse-fin:descriptionofreportablesegment>
<in-bse-fin:segmentassets contextref="OneReportableSegmentAssets04D" decimals="-7" unitref="INR">3564700000000.00</in-bse-fin:segmentassets>
<in-bse-fin:descriptionofreportablesegment contextref="OneReportableSegmentAssets05D">Others</in-bse-fin:descriptionofreportablesegment>
<in-bse-fin:segmentassets contextref="OneReportableSegmentAssets05D" decimals="-7" unitref="INR">110270000000.00</in-bse-fin:segmentassets>
<in-bse-fin:descriptionofreportablesegment contextref="OneReportableSegmentAssets06D">Retail</in-bse-fin:descriptionofreportablesegment>
<in-bse-fin:segmentassets contextref="OneReportableSegmentAssets06D" decimals="-7" unitref="INR">180250000000.00</in-bse-fin:segmentassets>
<in-bse-fin:segmentassets contextref="OneD" decimals="-7" unitref="INR">5160860000000.00</in-bse-fin:segmentassets>
<in-bse-fin:unallocableassets contextref="OneI" decimals="-7" unitref="INR">4024560000000.00</in-bse-fin:unallocableassets>
<in-bse-fin:netsegmentassets contextref="OneI" decimals="-7" unitref="INR">9185420000000.00</in-bse-fin:netsegmentassets>
<in-bse-fin:descriptionofreportablesegment contextref="OneReportableSegmentLiabilities01D">Digital Services</in-bse-fin:descriptionofreportablesegment>
<in-bse-fin:segmentliabilities contextref="OneReportableSegmentLiabilities01I" decimals="-7" unitref="INR">2250000000.00</in-bse-fin:segmentliabilities>
<in-bse-fin:descriptionofreportablesegment contextref="OneReportableSegmentLiabilities02D">Financial Services</in-bse-fin:descriptionofreportablesegment>
<in-bse-fin:segmentliabilities contextref="OneReportableSegmentLiabilities02I" decimals="-7" unitref="INR">0.00</in-bse-fin:segmentliabilities>
<in-bse-fin:descriptionofreportablesegment contextref="OneReportableSegmentLiabilities03D">Oil &amp; Gas</in-bse-fin:descriptionofreportablesegment>
<in-bse-fin:segmentliabilities contextref="OneReportableSegmentLiabilities03I" decimals="-7" unitref="INR">87420000000.00</in-bse-fin:segmentliabilities>
<in-bse-fin:descriptionofreportablesegment contextref="OneReportableSegmentLiabilities04D">Oil to Chemicals (O2C)</in-bse-fin:descriptionofreportablesegment>
<in-bse-fin:segmentliabilities contextref="OneReportableSegmentLiabilities04I" decimals="-7" unitref="INR">427210000000.00</in-bse-fin:segmentliabilities>
<in-bse-fin:descriptionofreportablesegment contextref="OneReportableSegmentLiabilities05D">Others</in-bse-fin:descriptionofreportablesegment>
<in-bse-fin:segmentliabilities contextref="OneReportableSegmentLiabilities05I" decimals="-7" unitref="INR">3030000000.00</in-bse-fin:segmentliabilities>
<in-bse-fin:descriptionofreportablesegment contextref="OneReportableSegmentLiabilities06D">Retail</in-bse-fin:descriptionofreportablesegment>
<in-bse-fin:segmentliabilities contextref="OneReportableSegmentLiabilities06I" decimals="-7" unitref="INR">100000000.00</in-bse-fin:segmentliabilities>
<in-bse-fin:segmentliabilities contextref="OneI" decimals="-7" unitref="INR">520010000000.00</in-bse-fin:segmentliabilities>
<in-bse-fin:unallocableliabilities contextref="OneI" decimals="-7" unitref="INR">8665410000000.00</in-bse-fin:unallocableliabilities>
<in-bse-fin:netsegmentliabilities contextref="OneI" decimals="-7" unitref="INR">9185420000000.00</in-bse-fin:netsegmentliabilities>
<in-bse-fin:adjustmentsforfinancecosts contextref="FourD" decimals="-7" unitref="INR">48380000000.00</in-bse-fin:adjustmentsforfinancecosts>
<in-bse-fin:adjustmentsfordecreaseincreaseininventories contextref="FourD" decimals="-7" unitref="INR">-77930000000.00</in-bse-fin:adjustmentsfordecreaseincreaseininventories>
<in-bse-fin:adjustmentsfordecreaseincreaseintradereceivablescurrent contextref="FourD" decimals="-7" unitref="INR">-31790000000.00</in-bse-fin:adjustmentsfordecreaseincreaseintradereceivablescurrent>
<in-bse-fin:adjustmentsfordecreaseincreaseintradereceivablesnoncurrent contextref="FourD" decimals="-7" unitref="INR">0.00</in-bse-fin:adjustmentsfordecreaseincreaseintradereceivablesnoncurrent>
<in-bse-fin:adjustmentsfordecreaseincreaseinothercurrentassets contextref="FourD" decimals="-7" unitref="INR">0.00</in-bse-fin:adjustmentsfordecreaseincreaseinothercurrentassets>
<in-bse-fin:adjustmentsfordecreaseincreaseinothernoncurrentassets contextref="FourD" decimals="-7" unitref="INR">0.00</in-bse-fin:adjustmentsfordecreaseincreaseinothernoncurrentassets>
<in-bse-fin:adjustmentsforotherfinancialassetsnoncurrent contextref="FourD" decimals="-7" unitref="INR">0.00</in-bse-fin:adjustmentsforotherfinancialassetsnoncurrent>
<in-bse-fin:adjustmentsforotherfinancialassetscurrent contextref="FourD" decimals="-7" unitref="INR">0.00</in-bse-fin:adjustmentsforotherfinancialassetscurrent>
<in-bse-fin:adjustmentsforotherbankbalances contextref="FourD" decimals="-7" unitref="INR">0.00</in-bse-fin:adjustmentsforotherbankbalances>
<in-bse-fin:adjustmentsforincreasedecreaseintradepayablescurrent contextref="FourD" decimals="-7" unitref="INR">212280000000.00</in-bse-fin:adjustmentsforincreasedecreaseintradepayablescurrent>
<in-bse-fin:adjustmentsforincreasedecreaseintradepayablesnoncurrent contextref="FourD" decimals="-7" unitref="INR">0.00</in-bse-fin:adjustmentsforincreasedecreaseintradepayablesnoncurrent>
<in-bse-fin:adjustmentsforincreasedecreaseinothercurrentliabilities contextref="FourD" decimals="-7" unitref="INR">0.00</in-bse-fin:adjustmentsforincreasedecreaseinothercurrentliabilities>
<in-bse-fin:adjustmentsforincreasedecreaseinothernoncurrentliabilities contextref="FourD" decimals="-7" unitref="INR">0.00</in-bse-fin:adjustmentsforincreasedecreaseinothernoncurrentliabilities>
<in-bse-fin:adjustmentsfordepreciationandamortisationexpense contextref="FourD" decimals="-7" unitref="INR">52140000000.00</in-bse-fin:adjustmentsfordepreciationandamortisationexpense>
<in-bse-fin:adjustmentsforimpairmentlossreversalofimpairmentlossrecognisedinprofitorloss contextref="FourD" decimals="-7" unitref="INR">0.00</in-bse-fin:adjustmentsforimpairmentlossreversalofimpairmentlossrecognisedinprofitorloss>
<in-bse-fin:adjustmentsforprovisionscurrent contextref="FourD" decimals="-7" unitref="INR">0.00</in-bse-fin:adjustmentsforprovisionscurrent>
<in-bse-fin:adjustmentsforprovisionsnoncurrent contextref="FourD" decimals="-7" unitref="INR">0.00</in-bse-fin:adjustmentsforprovisionsnoncurrent>
<in-bse-fin:adjustmentsforotherfinancialliabilitiescurrent contextref="FourD" decimals="-7" unitref="INR">0.00</in-bse-fin:adjustmentsforotherfinancialliabilitiescurrent>
<in-bse-fin:adjustmentsforotherfinancialliabilitiesnoncurrent contextref="FourD" decimals="-7" unitref="INR">0.00</in-bse-fin:adjustmentsforotherfinancialliabilitiesnoncurrent>
<in-bse-fin:adjustmentsforunrealisedforeignexchangelossesgains contextref="FourD" decimals="-7" unitref="INR">3870000000.00</in-bse-fin:adjustmentsforunrealisedforeignexchangelossesgains>
<in-bse-fin:adjustmentsfordividendincome contextref="FourD" decimals="-7" unitref="INR">1200000000.00</in-bse-fin:adjustmentsfordividendincome>
<in-bse-fin:adjustmentsforinterestincome contextref="FourD" decimals="-7" unitref="INR">58760000000.00</in-bse-fin:adjustmentsforinterestincome>
<in-bse-fin:adjustmentsforsharebasedpayments contextref="FourD" decimals="-7" unitref="INR">0.00</in-bse-fin:adjustmentsforsharebasedpayments>
<in-bse-fin:adjustmentsforfairvaluegainslosses contextref="FourD" decimals="-7" unitref="INR">0.00</in-bse-fin:adjustmentsforfairvaluegainslosses>
<in-bse-fin:adjustmentsforundistributedprofitsofassociates contextref="FourD" decimals="-7" unitref="INR">0.00</in-bse-fin:adjustmentsforundistributedprofitsofassociates>
<in-bse-fin:otheradjustmentsforwhichcasheffectsareinvestingorfinancingcashflow contextref="FourD" decimals="-7" unitref="INR">-10160000000.00</in-bse-fin:otheradjustmentsforwhichcasheffectsareinvestingorfinancingcashflow>
<in-bse-fin:otheradjustmentstoreconcileprofitloss contextref="FourD" decimals="-7" unitref="INR">0.00</in-bse-fin:otheradjustmentstoreconcileprofitloss>
<in-bse-fin:otheradjustmentsfornoncashitems contextref="FourD" decimals="-7" unitref="INR">0.00</in-bse-fin:otheradjustmentsfornoncashitems>
<in-bse-fin:shareofprofitandlossfrompartnershipfirmorassociationofpersonsorlimitedliabilitypartnershi contextref="FourD" decimals="-7" ps="" unitref="INR">0.00</in-bse-fin:shareofprofitandlossfrompartnershipfirmorassociationofpersonsorlimitedliabilitypartnershi>
<in-bse-fin:adjustmentsforreconcileprofitloss contextref="FourD" decimals="-7" unitref="INR">136830000000.00</in-bse-fin:adjustmentsforreconcileprofitloss>
<in-bse-fin:cashflowsfromusedinoperations contextref="FourD" decimals="-7" unitref="INR">348250000000.00</in-bse-fin:cashflowsfromusedinoperations>
<in-bse-fin:dividendsreceivedclassifiedasoperatingactivities contextref="FourD" decimals="-7" unitref="INR">0.00</in-bse-fin:dividendsreceivedclassifiedasoperatingactivities>
<in-bse-fin:interestpaidclassifiedasoperatingactivities contextref="FourD" decimals="-7" unitref="INR">0.00</in-bse-fin:interestpaidclassifiedasoperatingactivities>
<in-bse-fin:interestreceivedclassifiedasoperatingactivities contextref="FourD" decimals="-7" unitref="INR">0.00</in-bse-fin:interestreceivedclassifiedasoperatingactivities>
<in-bse-fin:incometaxespaidrefundclassifiedasoperatingactivities contextref="FourD" decimals="-7" unitref="INR">2530000000.00</in-bse-fin:incometaxespaidrefundclassifiedasoperatingactivities>
<in-bse-fin:otherinflowsoutflowsofcashclassifiedasoperatingactivities contextref="FourD" decimals="-7" unitref="INR">0.00</in-bse-fin:otherinflowsoutflowsofcashclassifiedasoperatingactivities>
<in-bse-fin:cashflowsfromusedinoperatingactivities contextref="FourD" decimals="-7" unitref="INR">345720000000.00</in-bse-fin:cashflowsfromusedinoperatingactivities>
<in-bse-fin:cashflowsfromlosingcontrolofsubsidiariesorotherbusinessesclassifiedasinvestingactivities contextref="FourD" decimals="-7" unitref="INR">9560000000.00</in-bse-fin:cashflowsfromlosingcontrolofsubsidiariesorotherbusinessesclassifiedasinvestingactivities>
<in-bse-fin:cashflowsusedinobtainingcontrolofsubsidiariesorotherbusinessesclassifiedasinvestingactivi contextref="FourD" decimals="-7" ties="" unitref="INR">12410000000.00</in-bse-fin:cashflowsusedinobtainingcontrolofsubsidiariesorotherbusinessesclassifiedasinvestingactivi>
<in-bse-fin:othercashreceiptsfromsalesofequityordebtinstrumentsofotherentitiesclassifiedasinvestingac contextref="FourD" decimals="-7" tivities="" unitref="INR">2545340000000.00</in-bse-fin:othercashreceiptsfromsalesofequityordebtinstrumentsofotherentitiesclassifiedasinvestingac>
<in-bse-fin:othercashpaymentstoacquireequityordebtinstrumentsofotherentitiesclassifiedasinvestingacti contextref="FourD" decimals="-7" unitref="INR" vities="">2744880000000.00</in-bse-fin:othercashpaymentstoacquireequityordebtinstrumentsofotherentitiesclassifiedasinvestingacti>
<in-bse-fin:othercashreceiptsfromsalesofinterestsinjointventuresclassifiedasinvestingactivities contextref="FourD" decimals="-7" unitref="INR">0.00</in-bse-fin:othercashreceiptsfromsalesofinterestsinjointventuresclassifiedasinvestingactivities>
<in-bse-fin:othercashpaymentstoacquireinterestsinjointventuresclassifiedasinvestingactivities contextref="FourD" decimals="-7" unitref="INR">0.00</in-bse-fin:othercashpaymentstoacquireinterestsinjointventuresclassifiedasinvestingactivities>
<in-bse-fin:cashreceiptsfromshareofprofitsofpartnershipfirmorassociationofpersonsorlimitedliabilitypa contextref="FourD" decimals="-7" rtnerships="" unitref="INR">0.00</in-bse-fin:cashreceiptsfromshareofprofitsofpartnershipfirmorassociationofpersonsorlimitedliabilitypa>
<in-bse-fin:cashpaymentforinvestmentinpartnershipfirmorassociationofpersonsorlimitedliabilitypartners contextref="FourD" decimals="-7" hips="" unitref="INR">0.00</in-bse-fin:cashpaymentforinvestmentinpartnershipfirmorassociationofpersonsorlimitedliabilitypartners>
<in-bse-fin:proceedsfromsalesofpropertyplantandequipmentclassifiedasinvestingactivities contextref="FourD" decimals="-7" unitref="INR">80000000.00</in-bse-fin:proceedsfromsalesofpropertyplantandequipmentclassifiedasinvestingactivities>
<in-bse-fin:purchaseofpropertyplantandequipmentclassifiedasinvestingactivities contextref="FourD" decimals="-7" unitref="INR">103050000000.00</in-bse-fin:purchaseofpropertyplantandequipmentclassifiedasinvestingactivities>
<in-bse-fin:proceedsfromsalesofinvestmentpropertyclassifiedasinvestingactivities contextref="FourD" decimals="-7" unitref="INR">0.00</in-bse-fin:proceedsfromsalesofinvestmentpropertyclassifiedasinvestingactivities>
<in-bse-fin:purchaseofinvestmentpropertyclassifiedasinvestingactivities contextref="FourD" decimals="-7" unitref="INR">0.00</in-bse-fin:purchaseofinvestmentpropertyclassifiedasinvestingactivities>
<in-bse-fin:proceedsfromsalesofintangibleassetsunderdevelopment contextref="FourD" decimals="-7" unitref="INR">0.00</in-bse-fin:proceedsfromsalesofintangibleassetsunderdevelopment>
<in-bse-fin:purchaseofintangibleassetsunderdevelopment contextref="FourD" decimals="-7" unitref="INR">0.00</in-bse-fin:purchaseofintangibleassetsunderdevelopment>
<in-bse-fin:proceedsfromsalesofgoodwillclassifiedasinvestingactivities contextref="FourD" decimals="-7" unitref="INR">0.00</in-bse-fin:proceedsfromsalesofgoodwillclassifiedasinvestingactivities>
<in-bse-fin:purchaseofgoodwillclassifiedasinvestingactivities contextref="FourD" decimals="-7" unitref="INR">0.00</in-bse-fin:purchaseofgoodwillclassifiedasinvestingactivities>
<in-bse-fin:proceedsfromsalesofintangibleassetsclassifiedasinvestingactivities contextref="FourD" decimals="-7" unitref="INR">0.00</in-bse-fin:proceedsfromsalesofintangibleassetsclassifiedasinvestingactivities>
<in-bse-fin:purchaseofintangibleassetsclassifiedasinvestingactivities contextref="FourD" decimals="-7" unitref="INR">0.00</in-bse-fin:purchaseofintangibleassetsclassifiedasinvestingactivities>
<in-bse-fin:proceedsfrombiologicalassetsotherthanbearerplantsclassifiedasinvestingactivities contextref="FourD" decimals="-7" unitref="INR">0.00</in-bse-fin:proceedsfrombiologicalassetsotherthanbearerplantsclassifiedasinvestingactivities>
<in-bse-fin:purchaseofbiologicalassetsotherthanbearerplantsclassifiedasinvestingactivities contextref="FourD" decimals="-7" unitref="INR">0.00</in-bse-fin:purchaseofbiologicalassetsotherthanbearerplantsclassifiedasinvestingactivities>
<in-bse-fin:proceedsfromsalesofotherlongtermassetsclassifiedasinvestingactivities contextref="FourD" decimals="-7" unitref="INR">0.00</in-bse-fin:proceedsfromsalesofotherlongtermassetsclassifiedasinvestingactivities>
<in-bse-fin:purchaseofotherlongtermassetsclassifiedasinvestingactivities contextref="FourD" decimals="-7" unitref="INR">0.00</in-bse-fin:purchaseofotherlongtermassetsclassifiedasinvestingactivities>
<in-bse-fin:cashadvancesandloansmadetootherpartiesclassifiedasinvestingactivities contextref="FourD" decimals="-7" unitref="INR">14420000000.00</in-bse-fin:cashadvancesandloansmadetootherpartiesclassifiedasinvestingactivities>
<in-bse-fin:cashreceiptsfromrepaymentofadvancesandloansmadetootherpartiesclassifiedasinvestingactivit contextref="FourD" decimals="-7" ies="" unitref="INR">0.00</in-bse-fin:cashreceiptsfromrepaymentofadvancesandloansmadetootherpartiesclassifiedasinvestingactivit>
<in-bse-fin:cashpaymentsforfuturecontractsforwardcontractsoptioncontractsandswapcontractsclassifiedas contextref="FourD" decimals="-7" investingactivities="" unitref="INR">0.00</in-bse-fin:cashpaymentsforfuturecontractsforwardcontractsoptioncontractsandswapcontractsclassifiedas>
<in-bse-fin:cashreceiptsfromfuturecontractsforwardcontractsoptioncontractsandswapcontractsclassifieda contextref="FourD" decimals="-7" sinvestingactivities="" unitref="INR">0.00</in-bse-fin:cashreceiptsfromfuturecontractsforwardcontractsoptioncontractsandswapcontractsclassifieda>
<in-bse-fin:dividendsreceivedclassifiedasinvestingactivities contextref="FourD" decimals="-7" unitref="INR">1200000000.00</in-bse-fin:dividendsreceivedclassifiedasinvestingactivities>
<in-bse-fin:interestreceivedclassifiedasinvestingactivities contextref="FourD" decimals="-7" unitref="INR">16930000000.00</in-bse-fin:interestreceivedclassifiedasinvestingactivities>
<in-bse-fin:incometaxespaidrefundclassifiedasinvestingactivities contextref="FourD" decimals="-7" unitref="INR">0.00</in-bse-fin:incometaxespaidrefundclassifiedasinvestingactivities>
<in-bse-fin:otherinflowsoutflowsofcashclassifiedasinvestingactivities contextref="FourD" decimals="-7" unitref="INR">0.00</in-bse-fin:otherinflowsoutflowsofcashclassifiedasinvestingactivities>
<in-bse-fin:proceedsfromgovernmentgrantsclassifiedasinvestingactivities contextref="FourD" decimals="-7" unitref="INR">0.00</in-bse-fin:proceedsfromgovernmentgrantsclassifiedasinvestingactivities>
<in-bse-fin:cashflowsfromusedininvestingactivities contextref="FourD" decimals="-7" unitref="INR">-301650000000.00</in-bse-fin:cashflowsfromusedininvestingactivities>
<in-bse-fin:proceedsfromchangesinownershipinterestsinsubsidiaries contextref="FourD" decimals="-7" unitref="INR">0.00</in-bse-fin:proceedsfromchangesinownershipinterestsinsubsidiaries>
<in-bse-fin:paymentsfromchangesinownershipinterestsinsubsidiaries contextref="FourD" decimals="-7" unitref="INR">0.00</in-bse-fin:paymentsfromchangesinownershipinterestsinsubsidiaries>
<in-bse-fin:proceedsfromissuingsharesclassifiedasfinancingactivities contextref="FourD" decimals="-7" unitref="INR">132560000000.00</in-bse-fin:proceedsfromissuingsharesclassifiedasfinancingactivities>
<in-bse-fin:proceedsfromissuingotherequityinstruments contextref="FourD" decimals="-7" unitref="INR">0.00</in-bse-fin:proceedsfromissuingotherequityinstruments>
<in-bse-fin:paymentstoacquireorredeementitysshares contextref="FourD" decimals="-7" unitref="INR">0.00</in-bse-fin:paymentstoacquireorredeementitysshares>
<in-bse-fin:paymentsofotherequityinstruments contextref="FourD" decimals="-7" unitref="INR">0.00</in-bse-fin:paymentsofotherequityinstruments>
<in-bse-fin:proceedsfromexerciseofstockoptions contextref="FourD" decimals="-7" unitref="INR">0.00</in-bse-fin:proceedsfromexerciseofstockoptions>
<in-bse-fin:proceedsfromissuingdebenturesnotesbondsetc contextref="FourD" decimals="-7" unitref="INR">0.00</in-bse-fin:proceedsfromissuingdebenturesnotesbondsetc>
<in-bse-fin:proceedsfromborrowingsclassifiedasfinancingactivities contextref="FourD" decimals="-7" unitref="INR">21390000000.00</in-bse-fin:proceedsfromborrowingsclassifiedasfinancingactivities>
<in-bse-fin:repaymentsofborrowingsclassifiedasfinancingactivities contextref="FourD" decimals="-7" unitref="INR">90070000000.00</in-bse-fin:repaymentsofborrowingsclassifiedasfinancingactivities>
<in-bse-fin:paymentsoffinanceleaseliabilitiesclassifiedasfinancingactivities contextref="FourD" decimals="-7" unitref="INR">0.00</in-bse-fin:paymentsoffinanceleaseliabilitiesclassifiedasfinancingactivities>
<in-bse-fin:paymentsofleaseliabilitiesclassifiedasfinancingactivities contextref="FourD" decimals="-7" unitref="INR">570000000.00</in-bse-fin:paymentsofleaseliabilitiesclassifiedasfinancingactivities>
<in-bse-fin:dividendspaidclassifiedasfinancingactivities contextref="FourD" decimals="-7" unitref="INR">42970000000.00</in-bse-fin:dividendspaidclassifiedasfinancingactivities>
<in-bse-fin:interestpaidclassifiedasfinancingactivities contextref="FourD" decimals="-7" unitref="INR">60200000000.00</in-bse-fin:interestpaidclassifiedasfinancingactivities>
<in-bse-fin:incometaxespaidrefundclassifiedasfinancingactivities contextref="FourD" decimals="-7" unitref="INR">0.00</in-bse-fin:incometaxespaidrefundclassifiedasfinancingactivities>
<in-bse-fin:otherinflowsoutflowsofcashclassifiedasfinancingactivities contextref="FourD" decimals="-7" unitref="INR">0.00</in-bse-fin:otherinflowsoutflowsofcashclassifiedasfinancingactivities>
<in-bse-fin:cashflowsfromusedinfinancingactivities contextref="FourD" decimals="-7" unitref="INR">-39860000000.00</in-bse-fin:cashflowsfromusedinfinancingactivities>
<in-bse-fin:increasedecreaseincashandcashequivalentsbeforeeffectofexchangeratechanges contextref="FourD" decimals="-7" unitref="INR">4210000000.00</in-bse-fin:increasedecreaseincashandcashequivalentsbeforeeffectofexchangeratechanges>
<in-bse-fin:effectofexchangeratechangesoncashandcashequivalents contextref="FourD" decimals="-7" unitref="INR">0.00</in-bse-fin:effectofexchangeratechangesoncashandcashequivalents>
<in-bse-fin:increasedecreaseincashandcashequivalents contextref="FourD" decimals="-7" unitref="INR">4210000000.00</in-bse-fin:increasedecreaseincashandcashequivalents>
<in-bse-fin:cashandcashequivalentscashflowstatement contextref="FourD" decimals="-7" unitref="INR">55730000000.00</in-bse-fin:cashandcashequivalentscashflowstatement>
<in-bse-fin:cashandcashequivalentscashflowstatement contextref="FourD" decimals="-7" unitref="INR">59940000000.00</in-bse-fin:cashandcashequivalentscashflowstatement>
</xbrli:xbrl>