<xbrli:xbrl xmlns:in-bse-fin="http://www.bseindia.com/xbrl/fin/2020-03-31/in-bse-fin" xmlns:in-bse-fin-ent="http://www.bseindia.com/xbrl/fin/2020-03-31/in-bse-fin/in-bse-fin-ent" xmlns:in-bse-fin-roles="http://www.bseindia.com/xbrl/fin/2020-03-31/in-bse-fin-roles" xmlns:in-bse-fin-type="http://www.bseindia.com/xbrl/fin/2020-03-31/in-bse-fin-types" xmlns:iso4217="http://www.xbrl.org/2003/iso4217" xmlns:link="http://www.xbrl.org/2003/linkbase" xmlns:negated="http://www.xbrl.org/2009/role/negated" xmlns:net="http://www.xbrl.org/2009/role/net" xmlns:nonnum="http://www.xbrl.org/dtr/type/non-numeric" xmlns:num="http://www.xbrl.org/dtr/type/numeric" xmlns:xbrldi="http://xbrl.org/2006/xbrldi" xmlns:xbrldt="http://xbrl.org/2005/xbrldt" xmlns:xbrli="http://www.xbrl.org/2003/instance" xmlns:xl="http://www.xbrl.org/2003/XLink" xmlns:xlink="http://www.w3.org/1999/xlink">
<link:schemaref xlink:href="Ind-AS_entry_point_2020-03-31.xsd" xlink:type="simple"></link:schemaref>
<xbrli:context id="OneOperatingExpenses01D"><xbrli:entity><xbrli:identifier scheme="http://www.nseindia.com/NSESymbol">RELIANCE</xbrli:identifier></xbrli:entity><xbrli:period><xbrli:startdate>2021-10-01</xbrli:startdate><xbrli:enddate>2021-12-31</xbrli:enddate></xbrli:period><xbrli:scenario><xbrldi:explicitmember dimension="in-bse-fin:DetailsOfOtherExpensesAxis">in-bse-fin:OneOperatingExpenses01Member</xbrldi:explicitmember></xbrli:scenario></xbrli:context>
<xbrli:context id="OneOperatingExpenses02D"><xbrli:entity><xbrli:identifier scheme="http://www.nseindia.com/NSESymbol">RELIANCE</xbrli:identifier></xbrli:entity><xbrli:period><xbrli:startdate>2021-10-01</xbrli:startdate><xbrli:enddate>2021-12-31</xbrli:enddate></xbrli:period><xbrli:scenario><xbrldi:explicitmember dimension="in-bse-fin:DetailsOfOtherExpensesAxis">in-bse-fin:OneOperatingExpenses02Member</xbrldi:explicitmember></xbrli:scenario></xbrli:context>
<xbrli:context id="FourOperatingExpenses01D"><xbrli:entity><xbrli:identifier scheme="http://www.nseindia.com/NSESymbol">RELIANCE</xbrli:identifier></xbrli:entity><xbrli:period><xbrli:startdate>2021-10-01</xbrli:startdate><xbrli:enddate>2021-12-31</xbrli:enddate></xbrli:period><xbrli:scenario><xbrldi:explicitmember dimension="in-bse-fin:DetailsOfOtherExpensesAxis">in-bse-fin:FourOperatingExpenses01Member</xbrldi:explicitmember></xbrli:scenario></xbrli:context>
<xbrli:context id="FourOperatingExpenses02D"><xbrli:entity><xbrli:identifier scheme="http://www.nseindia.com/NSESymbol">RELIANCE</xbrli:identifier></xbrli:entity><xbrli:period><xbrli:startdate>2021-10-01</xbrli:startdate><xbrli:enddate>2021-12-31</xbrli:enddate></xbrli:period><xbrli:scenario><xbrldi:explicitmember dimension="in-bse-fin:DetailsOfOtherExpensesAxis">in-bse-fin:FourOperatingExpenses02Member</xbrldi:explicitmember></xbrli:scenario></xbrli:context>
<xbrli:context id="OneReportableSegmentRevenue01D"><xbrli:entity><xbrli:identifier scheme="http://www.nseindia.com/NSESymbol">RELIANCE</xbrli:identifier></xbrli:entity><xbrli:period><xbrli:startdate>2021-10-01</xbrli:startdate><xbrli:enddate>2021-12-31</xbrli:enddate></xbrli:period><xbrli:scenario><xbrldi:explicitmember dimension="in-bse-fin:ReportableSegmentsAxis">in-bse-fin:OneReportableSegmentRevenue01Member</xbrldi:explicitmember></xbrli:scenario></xbrli:context>
<xbrli:context id="OneReportableSegmentRevenue02D"><xbrli:entity><xbrli:identifier scheme="http://www.nseindia.com/NSESymbol">RELIANCE</xbrli:identifier></xbrli:entity><xbrli:period><xbrli:startdate>2021-10-01</xbrli:startdate><xbrli:enddate>2021-12-31</xbrli:enddate></xbrli:period><xbrli:scenario><xbrldi:explicitmember dimension="in-bse-fin:ReportableSegmentsAxis">in-bse-fin:OneReportableSegmentRevenue02Member</xbrldi:explicitmember></xbrli:scenario></xbrli:context>
<xbrli:context id="OneReportableSegmentRevenue03D"><xbrli:entity><xbrli:identifier scheme="http://www.nseindia.com/NSESymbol">RELIANCE</xbrli:identifier></xbrli:entity><xbrli:period><xbrli:startdate>2021-10-01</xbrli:startdate><xbrli:enddate>2021-12-31</xbrli:enddate></xbrli:period><xbrli:scenario><xbrldi:explicitmember dimension="in-bse-fin:ReportableSegmentsAxis">in-bse-fin:OneReportableSegmentRevenue03Member</xbrldi:explicitmember></xbrli:scenario></xbrli:context>
<xbrli:context id="OneReportableSegmentRevenue04D"><xbrli:entity><xbrli:identifier scheme="http://www.nseindia.com/NSESymbol">RELIANCE</xbrli:identifier></xbrli:entity><xbrli:period><xbrli:startdate>2021-10-01</xbrli:startdate><xbrli:enddate>2021-12-31</xbrli:enddate></xbrli:period><xbrli:scenario><xbrldi:explicitmember dimension="in-bse-fin:ReportableSegmentsAxis">in-bse-fin:OneReportableSegmentRevenue04Member</xbrldi:explicitmember></xbrli:scenario></xbrli:context>
<xbrli:context id="OneReportableSegmentRevenue05D"><xbrli:entity><xbrli:identifier scheme="http://www.nseindia.com/NSESymbol">RELIANCE</xbrli:identifier></xbrli:entity><xbrli:period><xbrli:startdate>2021-10-01</xbrli:startdate><xbrli:enddate>2021-12-31</xbrli:enddate></xbrli:period><xbrli:scenario><xbrldi:explicitmember dimension="in-bse-fin:ReportableSegmentsAxis">in-bse-fin:OneReportableSegmentRevenue05Member</xbrldi:explicitmember></xbrli:scenario></xbrli:context>
<xbrli:context id="OneReportableSegmentRevenue06D"><xbrli:entity><xbrli:identifier scheme="http://www.nseindia.com/NSESymbol">RELIANCE</xbrli:identifier></xbrli:entity><xbrli:period><xbrli:startdate>2021-10-01</xbrli:startdate><xbrli:enddate>2021-12-31</xbrli:enddate></xbrli:period><xbrli:scenario><xbrldi:explicitmember dimension="in-bse-fin:ReportableSegmentsAxis">in-bse-fin:OneReportableSegmentRevenue06Member</xbrldi:explicitmember></xbrli:scenario></xbrli:context>
<xbrli:context id="FourReportableSegmentRevenue01D"><xbrli:entity><xbrli:identifier scheme="http://www.nseindia.com/NSESymbol">RELIANCE</xbrli:identifier></xbrli:entity><xbrli:period><xbrli:startdate>2021-10-01</xbrli:startdate><xbrli:enddate>2021-12-31</xbrli:enddate></xbrli:period><xbrli:scenario><xbrldi:explicitmember dimension="in-bse-fin:ReportableSegmentsAxis">in-bse-fin:FourReportableSegmentRevenue01Member</xbrldi:explicitmember></xbrli:scenario></xbrli:context>
<xbrli:context id="FourReportableSegmentRevenue02D"><xbrli:entity><xbrli:identifier scheme="http://www.nseindia.com/NSESymbol">RELIANCE</xbrli:identifier></xbrli:entity><xbrli:period><xbrli:startdate>2021-10-01</xbrli:startdate><xbrli:enddate>2021-12-31</xbrli:enddate></xbrli:period><xbrli:scenario><xbrldi:explicitmember dimension="in-bse-fin:ReportableSegmentsAxis">in-bse-fin:FourReportableSegmentRevenue02Member</xbrldi:explicitmember></xbrli:scenario></xbrli:context>
<xbrli:context id="FourReportableSegmentRevenue03D"><xbrli:entity><xbrli:identifier scheme="http://www.nseindia.com/NSESymbol">RELIANCE</xbrli:identifier></xbrli:entity><xbrli:period><xbrli:startdate>2021-10-01</xbrli:startdate><xbrli:enddate>2021-12-31</xbrli:enddate></xbrli:period><xbrli:scenario><xbrldi:explicitmember dimension="in-bse-fin:ReportableSegmentsAxis">in-bse-fin:FourReportableSegmentRevenue03Member</xbrldi:explicitmember></xbrli:scenario></xbrli:context>
<xbrli:context id="FourReportableSegmentRevenue04D"><xbrli:entity><xbrli:identifier scheme="http://www.nseindia.com/NSESymbol">RELIANCE</xbrli:identifier></xbrli:entity><xbrli:period><xbrli:startdate>2021-10-01</xbrli:startdate><xbrli:enddate>2021-12-31</xbrli:enddate></xbrli:period><xbrli:scenario><xbrldi:explicitmember dimension="in-bse-fin:ReportableSegmentsAxis">in-bse-fin:FourReportableSegmentRevenue04Member</xbrldi:explicitmember></xbrli:scenario></xbrli:context>
<xbrli:context id="FourReportableSegmentRevenue05D"><xbrli:entity><xbrli:identifier scheme="http://www.nseindia.com/NSESymbol">RELIANCE</xbrli:identifier></xbrli:entity><xbrli:period><xbrli:startdate>2021-10-01</xbrli:startdate><xbrli:enddate>2021-12-31</xbrli:enddate></xbrli:period><xbrli:scenario><xbrldi:explicitmember dimension="in-bse-fin:ReportableSegmentsAxis">in-bse-fin:FourReportableSegmentRevenue05Member</xbrldi:explicitmember></xbrli:scenario></xbrli:context>
<xbrli:context id="FourReportableSegmentRevenue06D"><xbrli:entity><xbrli:identifier scheme="http://www.nseindia.com/NSESymbol">RELIANCE</xbrli:identifier></xbrli:entity><xbrli:period><xbrli:startdate>2021-10-01</xbrli:startdate><xbrli:enddate>2021-12-31</xbrli:enddate></xbrli:period><xbrli:scenario><xbrldi:explicitmember dimension="in-bse-fin:ReportableSegmentsAxis">in-bse-fin:FourReportableSegmentRevenue06Member</xbrldi:explicitmember></xbrli:scenario></xbrli:context>
<xbrli:context id="OneReportableSegmentResults01D"><xbrli:entity><xbrli:identifier scheme="http://www.nseindia.com/NSESymbol">RELIANCE</xbrli:identifier></xbrli:entity><xbrli:period><xbrli:startdate>2021-10-01</xbrli:startdate><xbrli:enddate>2021-12-31</xbrli:enddate></xbrli:period><xbrli:scenario><xbrldi:explicitmember dimension="in-bse-fin:ReportableSegmentsFinanceCostsAxis">in-bse-fin:OneReportableSegmentResults01Member</xbrldi:explicitmember></xbrli:scenario></xbrli:context>
<xbrli:context id="OneReportableSegmentResults02D"><xbrli:entity><xbrli:identifier scheme="http://www.nseindia.com/NSESymbol">RELIANCE</xbrli:identifier></xbrli:entity><xbrli:period><xbrli:startdate>2021-10-01</xbrli:startdate><xbrli:enddate>2021-12-31</xbrli:enddate></xbrli:period><xbrli:scenario><xbrldi:explicitmember dimension="in-bse-fin:ReportableSegmentsFinanceCostsAxis">in-bse-fin:OneReportableSegmentResults02Member</xbrldi:explicitmember></xbrli:scenario></xbrli:context>
<xbrli:context id="OneReportableSegmentResults03D"><xbrli:entity><xbrli:identifier scheme="http://www.nseindia.com/NSESymbol">RELIANCE</xbrli:identifier></xbrli:entity><xbrli:period><xbrli:startdate>2021-10-01</xbrli:startdate><xbrli:enddate>2021-12-31</xbrli:enddate></xbrli:period><xbrli:scenario><xbrldi:explicitmember dimension="in-bse-fin:ReportableSegmentsFinanceCostsAxis">in-bse-fin:OneReportableSegmentResults03Member</xbrldi:explicitmember></xbrli:scenario></xbrli:context>
<xbrli:context id="OneReportableSegmentResults04D"><xbrli:entity><xbrli:identifier scheme="http://www.nseindia.com/NSESymbol">RELIANCE</xbrli:identifier></xbrli:entity><xbrli:period><xbrli:startdate>2021-10-01</xbrli:startdate><xbrli:enddate>2021-12-31</xbrli:enddate></xbrli:period><xbrli:scenario><xbrldi:explicitmember dimension="in-bse-fin:ReportableSegmentsFinanceCostsAxis">in-bse-fin:OneReportableSegmentResults04Member</xbrldi:explicitmember></xbrli:scenario></xbrli:context>
<xbrli:context id="OneReportableSegmentResults05D"><xbrli:entity><xbrli:identifier scheme="http://www.nseindia.com/NSESymbol">RELIANCE</xbrli:identifier></xbrli:entity><xbrli:period><xbrli:startdate>2021-10-01</xbrli:startdate><xbrli:enddate>2021-12-31</xbrli:enddate></xbrli:period><xbrli:scenario><xbrldi:explicitmember dimension="in-bse-fin:ReportableSegmentsFinanceCostsAxis">in-bse-fin:OneReportableSegmentResults05Member</xbrldi:explicitmember></xbrli:scenario></xbrli:context>
<xbrli:context id="OneReportableSegmentResults06D"><xbrli:entity><xbrli:identifier scheme="http://www.nseindia.com/NSESymbol">RELIANCE</xbrli:identifier></xbrli:entity><xbrli:period><xbrli:startdate>2021-10-01</xbrli:startdate><xbrli:enddate>2021-12-31</xbrli:enddate></xbrli:period><xbrli:scenario><xbrldi:explicitmember dimension="in-bse-fin:ReportableSegmentsFinanceCostsAxis">in-bse-fin:OneReportableSegmentResults06Member</xbrldi:explicitmember></xbrli:scenario></xbrli:context>
<xbrli:context id="FourReportableSegmentResults01D"><xbrli:entity><xbrli:identifier scheme="http://www.nseindia.com/NSESymbol">RELIANCE</xbrli:identifier></xbrli:entity><xbrli:period><xbrli:startdate>2021-10-01</xbrli:startdate><xbrli:enddate>2021-12-31</xbrli:enddate></xbrli:period><xbrli:scenario><xbrldi:explicitmember dimension="in-bse-fin:ReportableSegmentsFinanceCostsAxis">in-bse-fin:FourReportableSegmentResults01Member</xbrldi:explicitmember></xbrli:scenario></xbrli:context>
<xbrli:context id="FourReportableSegmentResults02D"><xbrli:entity><xbrli:identifier scheme="http://www.nseindia.com/NSESymbol">RELIANCE</xbrli:identifier></xbrli:entity><xbrli:period><xbrli:startdate>2021-10-01</xbrli:startdate><xbrli:enddate>2021-12-31</xbrli:enddate></xbrli:period><xbrli:scenario><xbrldi:explicitmember dimension="in-bse-fin:ReportableSegmentsFinanceCostsAxis">in-bse-fin:FourReportableSegmentResults02Member</xbrldi:explicitmember></xbrli:scenario></xbrli:context>
<xbrli:context id="FourReportableSegmentResults03D"><xbrli:entity><xbrli:identifier scheme="http://www.nseindia.com/NSESymbol">RELIANCE</xbrli:identifier></xbrli:entity><xbrli:period><xbrli:startdate>2021-10-01</xbrli:startdate><xbrli:enddate>2021-12-31</xbrli:enddate></xbrli:period><xbrli:scenario><xbrldi:explicitmember dimension="in-bse-fin:ReportableSegmentsFinanceCostsAxis">in-bse-fin:FourReportableSegmentResults03Member</xbrldi:explicitmember></xbrli:scenario></xbrli:context>
<xbrli:context id="FourReportableSegmentResults04D"><xbrli:entity><xbrli:identifier scheme="http://www.nseindia.com/NSESymbol">RELIANCE</xbrli:identifier></xbrli:entity><xbrli:period><xbrli:startdate>2021-10-01</xbrli:startdate><xbrli:enddate>2021-12-31</xbrli:enddate></xbrli:period><xbrli:scenario><xbrldi:explicitmember dimension="in-bse-fin:ReportableSegmentsFinanceCostsAxis">in-bse-fin:FourReportableSegmentResults04Member</xbrldi:explicitmember></xbrli:scenario></xbrli:context>
<xbrli:context id="FourReportableSegmentResults05D"><xbrli:entity><xbrli:identifier scheme="http://www.nseindia.com/NSESymbol">RELIANCE</xbrli:identifier></xbrli:entity><xbrli:period><xbrli:startdate>2021-10-01</xbrli:startdate><xbrli:enddate>2021-12-31</xbrli:enddate></xbrli:period><xbrli:scenario><xbrldi:explicitmember dimension="in-bse-fin:ReportableSegmentsFinanceCostsAxis">in-bse-fin:FourReportableSegmentResults05Member</xbrldi:explicitmember></xbrli:scenario></xbrli:context>
<xbrli:context id="FourReportableSegmentResults06D"><xbrli:entity><xbrli:identifier scheme="http://www.nseindia.com/NSESymbol">RELIANCE</xbrli:identifier></xbrli:entity><xbrli:period><xbrli:startdate>2021-10-01</xbrli:startdate><xbrli:enddate>2021-12-31</xbrli:enddate></xbrli:period><xbrli:scenario><xbrldi:explicitmember dimension="in-bse-fin:ReportableSegmentsFinanceCostsAxis">in-bse-fin:FourReportableSegmentResults06Member</xbrldi:explicitmember></xbrli:scenario></xbrli:context>
<xbrli:context id="OneReportableSegmentAssets01D"><xbrli:entity><xbrli:identifier scheme="http://www.nseindia.com/NSESymbol">RELIANCE</xbrli:identifier></xbrli:entity><xbrli:period><xbrli:startdate>2021-10-01</xbrli:startdate><xbrli:enddate>2021-12-31</xbrli:enddate></xbrli:period><xbrli:scenario><xbrldi:explicitmember dimension="in-bse-fin:ReportableSegmentAssetsAxis">in-bse-fin:OneReportableSegmentAssets01Member</xbrldi:explicitmember></xbrli:scenario></xbrli:context>
<xbrli:context id="OneReportableSegmentAssets02D"><xbrli:entity><xbrli:identifier scheme="http://www.nseindia.com/NSESymbol">RELIANCE</xbrli:identifier></xbrli:entity><xbrli:period><xbrli:startdate>2021-10-01</xbrli:startdate><xbrli:enddate>2021-12-31</xbrli:enddate></xbrli:period><xbrli:scenario><xbrldi:explicitmember dimension="in-bse-fin:ReportableSegmentAssetsAxis">in-bse-fin:OneReportableSegmentAssets02Member</xbrldi:explicitmember></xbrli:scenario></xbrli:context>
<xbrli:context id="OneReportableSegmentAssets03D"><xbrli:entity><xbrli:identifier scheme="http://www.nseindia.com/NSESymbol">RELIANCE</xbrli:identifier></xbrli:entity><xbrli:period><xbrli:startdate>2021-10-01</xbrli:startdate><xbrli:enddate>2021-12-31</xbrli:enddate></xbrli:period><xbrli:scenario><xbrldi:explicitmember dimension="in-bse-fin:ReportableSegmentAssetsAxis">in-bse-fin:OneReportableSegmentAssets03Member</xbrldi:explicitmember></xbrli:scenario></xbrli:context>
<xbrli:context id="OneReportableSegmentAssets04D"><xbrli:entity><xbrli:identifier scheme="http://www.nseindia.com/NSESymbol">RELIANCE</xbrli:identifier></xbrli:entity><xbrli:period><xbrli:startdate>2021-10-01</xbrli:startdate><xbrli:enddate>2021-12-31</xbrli:enddate></xbrli:period><xbrli:scenario><xbrldi:explicitmember dimension="in-bse-fin:ReportableSegmentAssetsAxis">in-bse-fin:OneReportableSegmentAssets04Member</xbrldi:explicitmember></xbrli:scenario></xbrli:context>
<xbrli:context id="OneReportableSegmentAssets05D"><xbrli:entity><xbrli:identifier scheme="http://www.nseindia.com/NSESymbol">RELIANCE</xbrli:identifier></xbrli:entity><xbrli:period><xbrli:startdate>2021-10-01</xbrli:startdate><xbrli:enddate>2021-12-31</xbrli:enddate></xbrli:period><xbrli:scenario><xbrldi:explicitmember dimension="in-bse-fin:ReportableSegmentAssetsAxis">in-bse-fin:OneReportableSegmentAssets05Member</xbrldi:explicitmember></xbrli:scenario></xbrli:context>
<xbrli:context id="OneReportableSegmentAssets06D"><xbrli:entity><xbrli:identifier scheme="http://www.nseindia.com/NSESymbol">RELIANCE</xbrli:identifier></xbrli:entity><xbrli:period><xbrli:startdate>2021-10-01</xbrli:startdate><xbrli:enddate>2021-12-31</xbrli:enddate></xbrli:period><xbrli:scenario><xbrldi:explicitmember dimension="in-bse-fin:ReportableSegmentAssetsAxis">in-bse-fin:OneReportableSegmentAssets06Member</xbrldi:explicitmember></xbrli:scenario></xbrli:context>
<xbrli:context id="OneReportableSegmentLiabilities01D"><xbrli:entity><xbrli:identifier scheme="http://www.nseindia.com/NSESymbol">RELIANCE</xbrli:identifier></xbrli:entity><xbrli:period><xbrli:startdate>2021-10-01</xbrli:startdate><xbrli:enddate>2021-12-31</xbrli:enddate></xbrli:period><xbrli:scenario><xbrldi:explicitmember dimension="in-bse-fin:ReportableSegmentLiabilitiesAxis">in-bse-fin:OneReportableSegmentLiabilities01Member</xbrldi:explicitmember></xbrli:scenario></xbrli:context>
<xbrli:context id="OneReportableSegmentLiabilities01I"><xbrli:entity><xbrli:identifier scheme="http://www.nseindia.com/NSESymbol">RELIANCE</xbrli:identifier></xbrli:entity><xbrli:period><xbrli:instant>2021-12-31</xbrli:instant></xbrli:period><xbrli:scenario><xbrldi:explicitmember dimension="in-bse-fin:ReportableSegmentLiabilitiesAxis">in-bse-fin:OneReportableSegmentLiabilities01Member</xbrldi:explicitmember></xbrli:scenario></xbrli:context>
<xbrli:context id="OneReportableSegmentLiabilities02D"><xbrli:entity><xbrli:identifier scheme="http://www.nseindia.com/NSESymbol">RELIANCE</xbrli:identifier></xbrli:entity><xbrli:period><xbrli:startdate>2021-10-01</xbrli:startdate><xbrli:enddate>2021-12-31</xbrli:enddate></xbrli:period><xbrli:scenario><xbrldi:explicitmember dimension="in-bse-fin:ReportableSegmentLiabilitiesAxis">in-bse-fin:OneReportableSegmentLiabilities02Member</xbrldi:explicitmember></xbrli:scenario></xbrli:context>
<xbrli:context id="OneReportableSegmentLiabilities02I"><xbrli:entity><xbrli:identifier scheme="http://www.nseindia.com/NSESymbol">RELIANCE</xbrli:identifier></xbrli:entity><xbrli:period><xbrli:instant>2021-12-31</xbrli:instant></xbrli:period><xbrli:scenario><xbrldi:explicitmember dimension="in-bse-fin:ReportableSegmentLiabilitiesAxis">in-bse-fin:OneReportableSegmentLiabilities02Member</xbrldi:explicitmember></xbrli:scenario></xbrli:context>
<xbrli:context id="OneReportableSegmentLiabilities03D"><xbrli:entity><xbrli:identifier scheme="http://www.nseindia.com/NSESymbol">RELIANCE</xbrli:identifier></xbrli:entity><xbrli:period><xbrli:startdate>2021-10-01</xbrli:startdate><xbrli:enddate>2021-12-31</xbrli:enddate></xbrli:period><xbrli:scenario><xbrldi:explicitmember dimension="in-bse-fin:ReportableSegmentLiabilitiesAxis">in-bse-fin:OneReportableSegmentLiabilities03Member</xbrldi:explicitmember></xbrli:scenario></xbrli:context>
<xbrli:context id="OneReportableSegmentLiabilities03I"><xbrli:entity><xbrli:identifier scheme="http://www.nseindia.com/NSESymbol">RELIANCE</xbrli:identifier></xbrli:entity><xbrli:period><xbrli:instant>2021-12-31</xbrli:instant></xbrli:period><xbrli:scenario><xbrldi:explicitmember dimension="in-bse-fin:ReportableSegmentLiabilitiesAxis">in-bse-fin:OneReportableSegmentLiabilities03Member</xbrldi:explicitmember></xbrli:scenario></xbrli:context>
<xbrli:context id="OneReportableSegmentLiabilities04D"><xbrli:entity><xbrli:identifier scheme="http://www.nseindia.com/NSESymbol">RELIANCE</xbrli:identifier></xbrli:entity><xbrli:period><xbrli:startdate>2021-10-01</xbrli:startdate><xbrli:enddate>2021-12-31</xbrli:enddate></xbrli:period><xbrli:scenario><xbrldi:explicitmember dimension="in-bse-fin:ReportableSegmentLiabilitiesAxis">in-bse-fin:OneReportableSegmentLiabilities04Member</xbrldi:explicitmember></xbrli:scenario></xbrli:context>
<xbrli:context id="OneReportableSegmentLiabilities04I"><xbrli:entity><xbrli:identifier scheme="http://www.nseindia.com/NSESymbol">RELIANCE</xbrli:identifier></xbrli:entity><xbrli:period><xbrli:instant>2021-12-31</xbrli:instant></xbrli:period><xbrli:scenario><xbrldi:explicitmember dimension="in-bse-fin:ReportableSegmentLiabilitiesAxis">in-bse-fin:OneReportableSegmentLiabilities04Member</xbrldi:explicitmember></xbrli:scenario></xbrli:context>
<xbrli:context id="OneReportableSegmentLiabilities05D"><xbrli:entity><xbrli:identifier scheme="http://www.nseindia.com/NSESymbol">RELIANCE</xbrli:identifier></xbrli:entity><xbrli:period><xbrli:startdate>2021-10-01</xbrli:startdate><xbrli:enddate>2021-12-31</xbrli:enddate></xbrli:period><xbrli:scenario><xbrldi:explicitmember dimension="in-bse-fin:ReportableSegmentLiabilitiesAxis">in-bse-fin:OneReportableSegmentLiabilities05Member</xbrldi:explicitmember></xbrli:scenario></xbrli:context>
<xbrli:context id="OneReportableSegmentLiabilities05I"><xbrli:entity><xbrli:identifier scheme="http://www.nseindia.com/NSESymbol">RELIANCE</xbrli:identifier></xbrli:entity><xbrli:period><xbrli:instant>2021-12-31</xbrli:instant></xbrli:period><xbrli:scenario><xbrldi:explicitmember dimension="in-bse-fin:ReportableSegmentLiabilitiesAxis">in-bse-fin:OneReportableSegmentLiabilities05Member</xbrldi:explicitmember></xbrli:scenario></xbrli:context>
<xbrli:context id="OneReportableSegmentLiabilities06D"><xbrli:entity><xbrli:identifier scheme="http://www.nseindia.com/NSESymbol">RELIANCE</xbrli:identifier></xbrli:entity><xbrli:period><xbrli:startdate>2021-10-01</xbrli:startdate><xbrli:enddate>2021-12-31</xbrli:enddate></xbrli:period><xbrli:scenario><xbrldi:explicitmember dimension="in-bse-fin:ReportableSegmentLiabilitiesAxis">in-bse-fin:OneReportableSegmentLiabilities06Member</xbrldi:explicitmember></xbrli:scenario></xbrli:context>
<xbrli:context id="OneReportableSegmentLiabilities06I"><xbrli:entity><xbrli:identifier scheme="http://www.nseindia.com/NSESymbol">RELIANCE</xbrli:identifier></xbrli:entity><xbrli:period><xbrli:instant>2021-12-31</xbrli:instant></xbrli:period><xbrli:scenario><xbrldi:explicitmember dimension="in-bse-fin:ReportableSegmentLiabilitiesAxis">in-bse-fin:OneReportableSegmentLiabilities06Member</xbrldi:explicitmember></xbrli:scenario></xbrli:context>
<xbrli:context id="OneItemsThatWillNotBeReclassifiedToProfitAndLoss01D"><xbrli:entity><xbrli:identifier scheme="http://www.nseindia.com/NSESymbol">RELIANCE</xbrli:identifier></xbrli:entity><xbrli:period><xbrli:startdate>2021-10-01</xbrli:startdate><xbrli:enddate>2021-12-31</xbrli:enddate></xbrli:period><xbrli:scenario><xbrldi:typedmember dimension="in-bse-fin:ItemsThatWillNotBeReclassifiedToProfitAndLossAxis"><itemsthatwillnotbereclassifiedtoprofitandlossdomain xmlns="">in-bse-fin:OneItemsThatWillNotBeReclassifiedToProfitAndLoss01Member</itemsthatwillnotbereclassifiedtoprofitandlossdomain></xbrldi:typedmember></xbrli:scenario></xbrli:context>
<xbrli:context id="FourItemsThatWillNotBeReclassifiedToProfitAndLoss01D"><xbrli:entity><xbrli:identifier scheme="http://www.nseindia.com/NSESymbol">RELIANCE</xbrli:identifier></xbrli:entity><xbrli:period><xbrli:startdate>2021-10-01</xbrli:startdate><xbrli:enddate>2021-12-31</xbrli:enddate></xbrli:period><xbrli:scenario><xbrldi:typedmember dimension="in-bse-fin:ItemsThatWillNotBeReclassifiedToProfitAndLossAxis"><itemsthatwillnotbereclassifiedtoprofitandlossdomain xmlns="">in-bse-fin:FourItemsThatWillNotBeReclassifiedToProfitAndLoss01Member</itemsthatwillnotbereclassifiedtoprofitandlossdomain></xbrldi:typedmember></xbrli:scenario></xbrli:context>
<xbrli:context id="OneItemsThatWillBeReclassifiedToProfitAndLoss01D"><xbrli:entity><xbrli:identifier scheme="http://www.nseindia.com/NSESymbol">RELIANCE</xbrli:identifier></xbrli:entity><xbrli:period><xbrli:startdate>2021-10-01</xbrli:startdate><xbrli:enddate>2021-12-31</xbrli:enddate></xbrli:period><xbrli:scenario><xbrldi:typedmember dimension="in-bse-fin:ItemsThatWillBeReclassifiedToProfitAndLossAxis"><itemsthatwillbereclassifiedtoprofitandlossdomain xmlns="">in-bse-fin:OneItemsThatWillBeReclassifiedToProfitAndLoss01Member</itemsthatwillbereclassifiedtoprofitandlossdomain></xbrldi:typedmember></xbrli:scenario></xbrli:context>
<xbrli:context id="FourItemsThatWillBeReclassifiedToProfitAndLoss01D"><xbrli:entity><xbrli:identifier scheme="http://www.nseindia.com/NSESymbol">RELIANCE</xbrli:identifier></xbrli:entity><xbrli:period><xbrli:startdate>2021-10-01</xbrli:startdate><xbrli:enddate>2021-12-31</xbrli:enddate></xbrli:period><xbrli:scenario><xbrldi:typedmember dimension="in-bse-fin:ItemsThatWillBeReclassifiedToProfitAndLossAxis"><itemsthatwillbereclassifiedtoprofitandlossdomain xmlns="">in-bse-fin:FourItemsThatWillBeReclassifiedToProfitAndLoss01Member</itemsthatwillbereclassifiedtoprofitandlossdomain></xbrldi:typedmember></xbrli:scenario></xbrli:context>
<xbrli:unit id="INR"><xbrli:measure>iso4217:INR</xbrli:measure></xbrli:unit><xbrli:unit id="pure"><xbrli:measure>xbrli:pure</xbrli:measure></xbrli:unit><xbrli:unit id="shares"><xbrli:measure>xbrli:shares</xbrli:measure></xbrli:unit><xbrli:unit id="INRPerShare"><xbrli:divide><xbrli:unitnumerator><xbrli:measure>iso4217:INR</xbrli:measure></xbrli:unitnumerator><xbrli:unitdenominator><xbrli:measure>xbrli:shares</xbrli:measure></xbrli:unitdenominator></xbrli:divide></xbrli:unit>
<in-bse-fin:symbol contextref="OneD">RELIANCE</in-bse-fin:symbol>
<in-bse-fin:dateofstartoffinancialyear contextref="OneD">2021-04-01</in-bse-fin:dateofstartoffinancialyear>
<in-bse-fin:dateofendoffinancialyear contextref="OneD">2022-03-31</in-bse-fin:dateofendoffinancialyear>
<in-bse-fin:dateonwhichpriorintimationofthemeetingforconsideringfinancialresultswasinformedtotheexcha contextref="OneD" nge="">2022-01-13</in-bse-fin:dateonwhichpriorintimationofthemeetingforconsideringfinancialresultswasinformedtotheexcha>
<in-bse-fin:descriptionofpresentationcurrency contextref="OneD">INR</in-bse-fin:descriptionofpresentationcurrency>
<in-bse-fin:levelofroundingusedinfinancialstatements contextref="OneD">Crores</in-bse-fin:levelofroundingusedinfinancialstatements>
<in-bse-fin:reportingquarter contextref="OneD">Third quarter</in-bse-fin:reportingquarter>
<in-bse-fin:iscompanyreportingmultisegmentorsinglesegment contextref="OneD">Multi segment</in-bse-fin:iscompanyreportingmultisegmentorsinglesegment>
<in-bse-fin:dateofstartofreportingperiod contextref="OneD">2021-10-01</in-bse-fin:dateofstartofreportingperiod>
<in-bse-fin:dateofendofreportingperiod contextref="OneD">2021-12-31</in-bse-fin:dateofendofreportingperiod>
<in-bse-fin:whetherresultsareauditedorunaudited contextref="OneD">Unaudited</in-bse-fin:whetherresultsareauditedorunaudited>
<in-bse-fin:natureofreportstandaloneconsolidated contextref="OneD">Standalone</in-bse-fin:natureofreportstandaloneconsolidated>
<in-bse-fin:revenuefromoperations contextref="OneD" decimals="-7" unitref="INR">1173960000000.00</in-bse-fin:revenuefromoperations>
<in-bse-fin:otherincome contextref="OneD" decimals="-7" unitref="INR">34430000000.00</in-bse-fin:otherincome>
<in-bse-fin:income contextref="OneD" decimals="-7" unitref="INR">1208390000000.00</in-bse-fin:income>
<in-bse-fin:costofmaterialsconsumed contextref="OneD" decimals="-7" unitref="INR">825840000000.00</in-bse-fin:costofmaterialsconsumed>
<in-bse-fin:purchasesofstockintrade contextref="OneD" decimals="-7" unitref="INR">29880000000.00</in-bse-fin:purchasesofstockintrade>
<in-bse-fin:changesininventoriesoffinishedgoodsworkinprogressandstockintrade contextref="OneD" decimals="-7" unitref="INR">-7880000000.00</in-bse-fin:changesininventoriesoffinishedgoodsworkinprogressandstockintrade>
<in-bse-fin:employeebenefitexpense contextref="OneD" decimals="-7" unitref="INR">12870000000.00</in-bse-fin:employeebenefitexpense>
<in-bse-fin:financecosts contextref="OneD" decimals="-7" unitref="INR">23010000000.00</in-bse-fin:financecosts>
<in-bse-fin:depreciationdepletionandamortisationexpense contextref="OneD" decimals="-7" unitref="INR">25970000000.00</in-bse-fin:depreciationdepletionandamortisationexpense>
<in-bse-fin:otherexpenses contextref="OneD" decimals="-7" unitref="INR">174300000000.00</in-bse-fin:otherexpenses>
<in-bse-fin:expenses contextref="OneD" decimals="-7" unitref="INR">1083990000000.00</in-bse-fin:expenses>
<in-bse-fin:profitbeforeexceptionalitemsandtax contextref="OneD" decimals="-7" unitref="INR">124400000000.00</in-bse-fin:profitbeforeexceptionalitemsandtax>
<in-bse-fin:exceptionalitemsbeforetax contextref="OneD" decimals="-7" unitref="INR">0.00</in-bse-fin:exceptionalitemsbeforetax>
<in-bse-fin:profitbeforetax contextref="OneD" decimals="-7" unitref="INR">124400000000.00</in-bse-fin:profitbeforetax>
<in-bse-fin:currenttax contextref="OneD" decimals="-7" unitref="INR">21840000000.00</in-bse-fin:currenttax>
<in-bse-fin:deferredtax contextref="OneD" decimals="-7" unitref="INR">890000000.00</in-bse-fin:deferredtax>
<in-bse-fin:taxexpense contextref="OneD" decimals="-7" unitref="INR">22730000000.00</in-bse-fin:taxexpense>
<in-bse-fin:netmovementinregulatorydeferralaccountbalancesrelatedtoprofitorlossandtherelateddeferredt axmovement="" contextref="OneD" decimals="-7" unitref="INR">0.00</in-bse-fin:netmovementinregulatorydeferralaccountbalancesrelatedtoprofitorlossandtherelateddeferredt>
<in-bse-fin:profitlossforperiodfromcontinuingoperations contextref="OneD" decimals="-7" unitref="INR">101670000000.00</in-bse-fin:profitlossforperiodfromcontinuingoperations>
<in-bse-fin:profitlossfromdiscontinuedoperationsbeforetax contextref="OneD" decimals="-7" unitref="INR">0.00</in-bse-fin:profitlossfromdiscontinuedoperationsbeforetax>
<in-bse-fin:taxexpenseofdiscontinuedoperations contextref="OneD" decimals="-7" unitref="INR">0.00</in-bse-fin:taxexpenseofdiscontinuedoperations>
<in-bse-fin:profitlossfromdiscontinuedoperationsaftertax contextref="OneD" decimals="-7" unitref="INR">0.00</in-bse-fin:profitlossfromdiscontinuedoperationsaftertax>
<in-bse-fin:shareofprofitlossofassociatesandjointventuresaccountedforusingequitymethod contextref="OneD" decimals="-7" unitref="INR">0.00</in-bse-fin:shareofprofitlossofassociatesandjointventuresaccountedforusingequitymethod>
<in-bse-fin:profitlossforperiod contextref="OneD" decimals="-7" unitref="INR">101670000000.00</in-bse-fin:profitlossforperiod>
<in-bse-fin:othercomprehensiveincomenetoftaxes contextref="OneD" decimals="-7" unitref="INR">2280000000.00</in-bse-fin:othercomprehensiveincomenetoftaxes>
<in-bse-fin:comprehensiveincomefortheperiod contextref="OneD" decimals="-7" unitref="INR">103950000000.00</in-bse-fin:comprehensiveincomefortheperiod>
<in-bse-fin:comprehensiveincomefortheperiodattributabletoownersofparent contextref="OneD" decimals="-7" unitref="INR">0.00</in-bse-fin:comprehensiveincomefortheperiodattributabletoownersofparent>
<in-bse-fin:comprehensiveincomefortheperiodattributabletoownersofparentnoncontrollinginterests contextref="OneD" decimals="-7" unitref="INR">0.00</in-bse-fin:comprehensiveincomefortheperiodattributabletoownersofparentnoncontrollinginterests>
<in-bse-fin:paidupvalueofequitysharecapital contextref="OneD" decimals="-7" unitref="INR">67650000000.00</in-bse-fin:paidupvalueofequitysharecapital>
<in-bse-fin:facevalueofequitysharecapital contextref="OneD" decimals="INF" unitref="INRPerShare">10</in-bse-fin:facevalueofequitysharecapital>
<in-bse-fin:basicearningslosspersharefromcontinuingoperations contextref="OneD" decimals="INF" unitref="INRPerShare">15.39</in-bse-fin:basicearningslosspersharefromcontinuingoperations>
<in-bse-fin:dilutedearningslosspersharefromcontinuingoperations contextref="OneD" decimals="INF" unitref="INRPerShare">15.22</in-bse-fin:dilutedearningslosspersharefromcontinuingoperations>
<in-bse-fin:basicearningslosspersharefromdiscontinuedoperations contextref="OneD" decimals="INF" unitref="INRPerShare">0.00</in-bse-fin:basicearningslosspersharefromdiscontinuedoperations>
<in-bse-fin:dilutedearningslosspersharefromdiscontinuedoperations contextref="OneD" decimals="INF" unitref="INRPerShare">0.00</in-bse-fin:dilutedearningslosspersharefromdiscontinuedoperations>
<in-bse-fin:basicearningslosspersharefromcontinuinganddiscontinuedoperations contextref="OneD" decimals="INF" unitref="INRPerShare">15.39</in-bse-fin:basicearningslosspersharefromcontinuinganddiscontinuedoperations>
<in-bse-fin:dilutedearningslosspersharefromcontinuinganddiscontinuedoperations contextref="OneD" decimals="INF" unitref="INRPerShare">15.22</in-bse-fin:dilutedearningslosspersharefromcontinuinganddiscontinuedoperations>
<in-bse-fin:debtequityratio contextref="OneD" decimals="INF" unitref="pure">0.00</in-bse-fin:debtequityratio>
<in-bse-fin:debtservicecoverageratio contextref="OneD" decimals="INF" unitref="pure">0.04</in-bse-fin:debtservicecoverageratio>
<in-bse-fin:interestservicecoverageratio contextref="OneD" decimals="INF" unitref="pure">0.06</in-bse-fin:interestservicecoverageratio>
<in-bse-fin:disclosureofnotesonfinancialresultsexplanatorytextblock contextref="OneD">Notes to Financial Results:      1. Net Worth as at 31st December 2021 is Rs. 441,832 Crore.      2. Outstanding Capital Redemption Reserve/Debenture Redemption Reserve as at 31st December 2021 is Rs. 5,940 Crore.      3. Further, the following ratios which form part of the Standalone Financial Results for the quarter and nine months ended 31st December, 2021, are reproduced below, as there are no rows designated for the same in the XBRL format:                      Ratio                                                                   Quarter ended                Nine Months ended                                                                                          31st December, 2021          31st December, 2021      A) Current ratio                                                                    0.87                                   0.87   B) Long Term Debt to Working Capital                                  34.00                                 34.00   C) Bad Debts to Account Receivable Ratio                             0.00                                   0.00             D) Current Liability Ratio                                                       0.55                                   0.55   E) Total Debt to Total Assets                                                0.22                                   0.22   F) Debtors Turnover Ratio *                                                 72.69                                 79.08   G) Inventory Turnover Ratio *                                               14.38                                 14.98             H) Operating Margin (%)                                                       9.2                                      9.2    I) Net Profit Margin (%)                                                       8.3                                      8.6                      * Ratios for the quarter / nine months have been annualized.</in-bse-fin:disclosureofnotesonfinancialresultsexplanatorytextblock>
<in-bse-fin:iscompanyreportingmultisegmentorsinglesegment contextref="FourD">Multi segment</in-bse-fin:iscompanyreportingmultisegmentorsinglesegment>
<in-bse-fin:dateofstartofreportingperiod contextref="FourD">2021-04-01</in-bse-fin:dateofstartofreportingperiod>
<in-bse-fin:dateofendofreportingperiod contextref="FourD">2021-12-31</in-bse-fin:dateofendofreportingperiod>
<in-bse-fin:whetherresultsareauditedorunaudited contextref="FourD">Unaudited</in-bse-fin:whetherresultsareauditedorunaudited>
<in-bse-fin:natureofreportstandaloneconsolidated contextref="FourD">Standalone</in-bse-fin:natureofreportstandaloneconsolidated>
<in-bse-fin:revenuefromoperations contextref="FourD" decimals="-7" unitref="INR">3113840000000.00</in-bse-fin:revenuefromoperations>
<in-bse-fin:otherincome contextref="FourD" decimals="-7" unitref="INR">108000000000.00</in-bse-fin:otherincome>
<in-bse-fin:income contextref="FourD" decimals="-7" unitref="INR">3221840000000.00</in-bse-fin:income>
<in-bse-fin:costofmaterialsconsumed contextref="FourD" decimals="-7" unitref="INR">2222380000000.00</in-bse-fin:costofmaterialsconsumed>
<in-bse-fin:purchasesofstockintrade contextref="FourD" decimals="-7" unitref="INR">78470000000.00</in-bse-fin:purchasesofstockintrade>
<in-bse-fin:changesininventoriesoffinishedgoodsworkinprogressandstockintrade contextref="FourD" decimals="-7" unitref="INR">-90410000000.00</in-bse-fin:changesininventoriesoffinishedgoodsworkinprogressandstockintrade>
<in-bse-fin:employeebenefitexpense contextref="FourD" decimals="-7" unitref="INR">40100000000.00</in-bse-fin:employeebenefitexpense>
<in-bse-fin:financecosts contextref="FourD" decimals="-7" unitref="INR">71390000000.00</in-bse-fin:financecosts>
<in-bse-fin:depreciationdepletionandamortisationexpense contextref="FourD" decimals="-7" unitref="INR">78110000000.00</in-bse-fin:depreciationdepletionandamortisationexpense>
<in-bse-fin:otherexpenses contextref="FourD" decimals="-7" unitref="INR">485980000000.00</in-bse-fin:otherexpenses>
<in-bse-fin:expenses contextref="FourD" decimals="-7" unitref="INR">2886020000000.00</in-bse-fin:expenses>
<in-bse-fin:profitbeforeexceptionalitemsandtax contextref="FourD" decimals="-7" unitref="INR">335820000000.00</in-bse-fin:profitbeforeexceptionalitemsandtax>
<in-bse-fin:exceptionalitemsbeforetax contextref="FourD" decimals="-7" unitref="INR">0.00</in-bse-fin:exceptionalitemsbeforetax>
<in-bse-fin:profitbeforetax contextref="FourD" decimals="-7" unitref="INR">335820000000.00</in-bse-fin:profitbeforetax>
<in-bse-fin:currenttax contextref="FourD" decimals="-7" unitref="INR">59010000000.00</in-bse-fin:currenttax>
<in-bse-fin:deferredtax contextref="FourD" decimals="-7" unitref="INR">-3090000000.00</in-bse-fin:deferredtax>
<in-bse-fin:taxexpense contextref="FourD" decimals="-7" unitref="INR">55920000000.00</in-bse-fin:taxexpense>
<in-bse-fin:netmovementinregulatorydeferralaccountbalancesrelatedtoprofitorlossandtherelateddeferredt axmovement="" contextref="FourD" decimals="-7" unitref="INR">0.00</in-bse-fin:netmovementinregulatorydeferralaccountbalancesrelatedtoprofitorlossandtherelateddeferredt>
<in-bse-fin:profitlossforperiodfromcontinuingoperations contextref="FourD" decimals="-7" unitref="INR">279900000000.00</in-bse-fin:profitlossforperiodfromcontinuingoperations>
<in-bse-fin:profitlossfromdiscontinuedoperationsbeforetax contextref="FourD" decimals="-7" unitref="INR">0.00</in-bse-fin:profitlossfromdiscontinuedoperationsbeforetax>
<in-bse-fin:taxexpenseofdiscontinuedoperations contextref="FourD" decimals="-7" unitref="INR">0.00</in-bse-fin:taxexpenseofdiscontinuedoperations>
<in-bse-fin:profitlossfromdiscontinuedoperationsaftertax contextref="FourD" decimals="-7" unitref="INR">0.00</in-bse-fin:profitlossfromdiscontinuedoperationsaftertax>
<in-bse-fin:shareofprofitlossofassociatesandjointventuresaccountedforusingequitymethod contextref="FourD" decimals="-7" unitref="INR">0.00</in-bse-fin:shareofprofitlossofassociatesandjointventuresaccountedforusingequitymethod>
<in-bse-fin:profitlossforperiod contextref="FourD" decimals="-7" unitref="INR">279900000000.00</in-bse-fin:profitlossforperiod>
<in-bse-fin:othercomprehensiveincomenetoftaxes contextref="FourD" decimals="-7" unitref="INR">-2470000000.00</in-bse-fin:othercomprehensiveincomenetoftaxes>
<in-bse-fin:comprehensiveincomefortheperiod contextref="FourD" decimals="-7" unitref="INR">277430000000.00</in-bse-fin:comprehensiveincomefortheperiod>
<in-bse-fin:comprehensiveincomefortheperiodattributabletoownersofparent contextref="FourD" decimals="-7" unitref="INR">0.00</in-bse-fin:comprehensiveincomefortheperiodattributabletoownersofparent>
<in-bse-fin:comprehensiveincomefortheperiodattributabletoownersofparentnoncontrollinginterests contextref="FourD" decimals="-7" unitref="INR">0.00</in-bse-fin:comprehensiveincomefortheperiodattributabletoownersofparentnoncontrollinginterests>
<in-bse-fin:paidupvalueofequitysharecapital contextref="FourD" decimals="-7" unitref="INR">67650000000.00</in-bse-fin:paidupvalueofequitysharecapital>
<in-bse-fin:facevalueofequitysharecapital contextref="FourD" decimals="INF" unitref="INRPerShare">10</in-bse-fin:facevalueofequitysharecapital>
<in-bse-fin:basicearningslosspersharefromcontinuingoperations contextref="FourD" decimals="INF" unitref="INRPerShare">42.78</in-bse-fin:basicearningslosspersharefromcontinuingoperations>
<in-bse-fin:dilutedearningslosspersharefromcontinuingoperations contextref="FourD" decimals="INF" unitref="INRPerShare">42.10</in-bse-fin:dilutedearningslosspersharefromcontinuingoperations>
<in-bse-fin:basicearningslosspersharefromdiscontinuedoperations contextref="FourD" decimals="INF" unitref="INRPerShare">0.00</in-bse-fin:basicearningslosspersharefromdiscontinuedoperations>
<in-bse-fin:dilutedearningslosspersharefromdiscontinuedoperations contextref="FourD" decimals="INF" unitref="INRPerShare">0.00</in-bse-fin:dilutedearningslosspersharefromdiscontinuedoperations>
<in-bse-fin:basicearningslosspersharefromcontinuinganddiscontinuedoperations contextref="FourD" decimals="INF" unitref="INRPerShare">42.78</in-bse-fin:basicearningslosspersharefromcontinuinganddiscontinuedoperations>
<in-bse-fin:dilutedearningslosspersharefromcontinuinganddiscontinuedoperations contextref="FourD" decimals="INF" unitref="INRPerShare">42.10</in-bse-fin:dilutedearningslosspersharefromcontinuinganddiscontinuedoperations>
<in-bse-fin:debtequityratio contextref="FourD" decimals="INF" unitref="pure">0.00</in-bse-fin:debtequityratio>
<in-bse-fin:debtservicecoverageratio contextref="FourD" decimals="INF" unitref="pure">0.02</in-bse-fin:debtservicecoverageratio>
<in-bse-fin:interestservicecoverageratio contextref="FourD" decimals="INF" unitref="pure">0.06</in-bse-fin:interestservicecoverageratio>
<in-bse-fin:descriptionofotherexpenses contextref="OneOperatingExpenses01D">Excise Duty</in-bse-fin:descriptionofotherexpenses>
<in-bse-fin:otherexpenses contextref="OneOperatingExpenses01D" decimals="-7" unitref="INR">62440000000.00</in-bse-fin:otherexpenses>
<in-bse-fin:descriptionofotherexpenses contextref="OneOperatingExpenses02D">Other Expenses</in-bse-fin:descriptionofotherexpenses>
<in-bse-fin:otherexpenses contextref="OneOperatingExpenses02D" decimals="-7" unitref="INR">111860000000.00</in-bse-fin:otherexpenses>
<in-bse-fin:descriptionofotherexpenses contextref="FourOperatingExpenses01D">Excise Duty</in-bse-fin:descriptionofotherexpenses>
<in-bse-fin:otherexpenses contextref="FourOperatingExpenses01D" decimals="-7" unitref="INR">171600000000.00</in-bse-fin:otherexpenses>
<in-bse-fin:descriptionofotherexpenses contextref="FourOperatingExpenses02D">Other Expenses</in-bse-fin:descriptionofotherexpenses>
<in-bse-fin:otherexpenses contextref="FourOperatingExpenses02D" decimals="-7" unitref="INR">314380000000.00</in-bse-fin:otherexpenses>
<in-bse-fin:descriptionofreportablesegment contextref="OneReportableSegmentRevenue01D">Digital Services</in-bse-fin:descriptionofreportablesegment>
<in-bse-fin:segmentrevenue contextref="OneReportableSegmentRevenue01D" decimals="-7" unitref="INR">2560000000.00</in-bse-fin:segmentrevenue>
<in-bse-fin:descriptionofreportablesegment contextref="OneReportableSegmentRevenue02D">Financial Services</in-bse-fin:descriptionofreportablesegment>
<in-bse-fin:segmentrevenue contextref="OneReportableSegmentRevenue02D" decimals="-7" unitref="INR">3640000000.00</in-bse-fin:segmentrevenue>
<in-bse-fin:descriptionofreportablesegment contextref="OneReportableSegmentRevenue03D">Oil and Gas</in-bse-fin:descriptionofreportablesegment>
<in-bse-fin:segmentrevenue contextref="OneReportableSegmentRevenue03D" decimals="-7" unitref="INR">20580000000.00</in-bse-fin:segmentrevenue>
<in-bse-fin:descriptionofreportablesegment contextref="OneReportableSegmentRevenue04D">Oil to Chemicals (O2C)</in-bse-fin:descriptionofreportablesegment>
<in-bse-fin:segmentrevenue contextref="OneReportableSegmentRevenue04D" decimals="-7" unitref="INR">1197790000000.00</in-bse-fin:segmentrevenue>
<in-bse-fin:descriptionofreportablesegment contextref="OneReportableSegmentRevenue05D">Others</in-bse-fin:descriptionofreportablesegment>
<in-bse-fin:segmentrevenue contextref="OneReportableSegmentRevenue05D" decimals="-7" unitref="INR">4060000000.00</in-bse-fin:segmentrevenue>
<in-bse-fin:descriptionofreportablesegment contextref="OneReportableSegmentRevenue06D">Retail</in-bse-fin:descriptionofreportablesegment>
<in-bse-fin:segmentrevenue contextref="OneReportableSegmentRevenue06D" decimals="-7" unitref="INR">240000000.00</in-bse-fin:segmentrevenue>
<in-bse-fin:descriptionofreportablesegment contextref="FourReportableSegmentRevenue01D">Digital Services</in-bse-fin:descriptionofreportablesegment>
<in-bse-fin:segmentrevenue contextref="FourReportableSegmentRevenue01D" decimals="-7" unitref="INR">9660000000.00</in-bse-fin:segmentrevenue>
<in-bse-fin:descriptionofreportablesegment contextref="FourReportableSegmentRevenue02D">Financial Services</in-bse-fin:descriptionofreportablesegment>
<in-bse-fin:segmentrevenue contextref="FourReportableSegmentRevenue02D" decimals="-7" unitref="INR">10220000000.00</in-bse-fin:segmentrevenue>
<in-bse-fin:descriptionofreportablesegment contextref="FourReportableSegmentRevenue03D">Oil and Gas</in-bse-fin:descriptionofreportablesegment>
<in-bse-fin:segmentrevenue contextref="FourReportableSegmentRevenue03D" decimals="-7" unitref="INR">43490000000.00</in-bse-fin:segmentrevenue>
<in-bse-fin:descriptionofreportablesegment contextref="FourReportableSegmentRevenue04D">Oil to Chemicals (O2C)</in-bse-fin:descriptionofreportablesegment>
<in-bse-fin:segmentrevenue contextref="FourReportableSegmentRevenue04D" decimals="-7" unitref="INR">3191250000000.00</in-bse-fin:segmentrevenue>
<in-bse-fin:descriptionofreportablesegment contextref="FourReportableSegmentRevenue05D">Others</in-bse-fin:descriptionofreportablesegment>
<in-bse-fin:segmentrevenue contextref="FourReportableSegmentRevenue05D" decimals="-7" unitref="INR">10040000000.00</in-bse-fin:segmentrevenue>
<in-bse-fin:descriptionofreportablesegment contextref="FourReportableSegmentRevenue06D">Retail</in-bse-fin:descriptionofreportablesegment>
<in-bse-fin:segmentrevenue contextref="FourReportableSegmentRevenue06D" decimals="-7" unitref="INR">670000000.00</in-bse-fin:segmentrevenue>
<in-bse-fin:segmentrevenue contextref="OneD" decimals="-7" unitref="INR">1228870000000.00</in-bse-fin:segmentrevenue>
<in-bse-fin:segmentrevenue contextref="FourD" decimals="-7" unitref="INR">3265330000000.00</in-bse-fin:segmentrevenue>
<in-bse-fin:intersegmentrevenue contextref="OneD" decimals="-7" unitref="INR">760000000.00</in-bse-fin:intersegmentrevenue>
<in-bse-fin:intersegmentrevenue contextref="FourD" decimals="-7" unitref="INR">1690000000.00</in-bse-fin:intersegmentrevenue>
<in-bse-fin:segmentrevenuefromoperations contextref="OneD" decimals="-7" unitref="INR">1228110000000.00</in-bse-fin:segmentrevenuefromoperations>
<in-bse-fin:segmentrevenuefromoperations contextref="FourD" decimals="-7" unitref="INR">3263640000000.00</in-bse-fin:segmentrevenuefromoperations>
<in-bse-fin:descriptionofreportablesegment contextref="OneReportableSegmentResults01D">Digital Services</in-bse-fin:descriptionofreportablesegment>
<in-bse-fin:segmentprofitlossbeforetaxandfinancecosts contextref="OneReportableSegmentResults01D" decimals="-7" unitref="INR">160000000.00</in-bse-fin:segmentprofitlossbeforetaxandfinancecosts>
<in-bse-fin:descriptionofreportablesegment contextref="OneReportableSegmentResults02D">Financial Services</in-bse-fin:descriptionofreportablesegment>
<in-bse-fin:segmentprofitlossbeforetaxandfinancecosts contextref="OneReportableSegmentResults02D" decimals="-7" unitref="INR">3490000000.00</in-bse-fin:segmentprofitlossbeforetaxandfinancecosts>
<in-bse-fin:descriptionofreportablesegment contextref="OneReportableSegmentResults03D">Oil and Gas</in-bse-fin:descriptionofreportablesegment>
<in-bse-fin:segmentprofitlossbeforetaxandfinancecosts contextref="OneReportableSegmentResults03D" decimals="-7" unitref="INR">10830000000.00</in-bse-fin:segmentprofitlossbeforetaxandfinancecosts>
<in-bse-fin:descriptionofreportablesegment contextref="OneReportableSegmentResults04D">Oil to Chemicals (O2C)</in-bse-fin:descriptionofreportablesegment>
<in-bse-fin:segmentprofitlossbeforetaxandfinancecosts contextref="OneReportableSegmentResults04D" decimals="-7" unitref="INR">111080000000.00</in-bse-fin:segmentprofitlossbeforetaxandfinancecosts>
<in-bse-fin:descriptionofreportablesegment contextref="OneReportableSegmentResults05D">Others</in-bse-fin:descriptionofreportablesegment>
<in-bse-fin:segmentprofitlossbeforetaxandfinancecosts contextref="OneReportableSegmentResults05D" decimals="-7" unitref="INR">250000000.00</in-bse-fin:segmentprofitlossbeforetaxandfinancecosts>
<in-bse-fin:descriptionofreportablesegment contextref="OneReportableSegmentResults06D">Retail</in-bse-fin:descriptionofreportablesegment>
<in-bse-fin:segmentprofitlossbeforetaxandfinancecosts contextref="OneReportableSegmentResults06D" decimals="-7" unitref="INR">90000000.00</in-bse-fin:segmentprofitlossbeforetaxandfinancecosts>
<in-bse-fin:descriptionofreportablesegment contextref="FourReportableSegmentResults01D">Digital Services</in-bse-fin:descriptionofreportablesegment>
<in-bse-fin:segmentprofitlossbeforetaxandfinancecosts contextref="FourReportableSegmentResults01D" decimals="-7" unitref="INR">1450000000.00</in-bse-fin:segmentprofitlossbeforetaxandfinancecosts>
<in-bse-fin:descriptionofreportablesegment contextref="FourReportableSegmentResults02D">Financial Services</in-bse-fin:descriptionofreportablesegment>
<in-bse-fin:segmentprofitlossbeforetaxandfinancecosts contextref="FourReportableSegmentResults02D" decimals="-7" unitref="INR">10070000000.00</in-bse-fin:segmentprofitlossbeforetaxandfinancecosts>
<in-bse-fin:descriptionofreportablesegment contextref="FourReportableSegmentResults03D">Oil and Gas</in-bse-fin:descriptionofreportablesegment>
<in-bse-fin:segmentprofitlossbeforetaxandfinancecosts contextref="FourReportableSegmentResults03D" decimals="-7" unitref="INR">15410000000.00</in-bse-fin:segmentprofitlossbeforetaxandfinancecosts>
<in-bse-fin:descriptionofreportablesegment contextref="FourReportableSegmentResults04D">Oil to Chemicals (O2C)</in-bse-fin:descriptionofreportablesegment>
<in-bse-fin:segmentprofitlossbeforetaxandfinancecosts contextref="FourReportableSegmentResults04D" decimals="-7" unitref="INR">316290000000.00</in-bse-fin:segmentprofitlossbeforetaxandfinancecosts>
<in-bse-fin:descriptionofreportablesegment contextref="FourReportableSegmentResults05D">Others</in-bse-fin:descriptionofreportablesegment>
<in-bse-fin:segmentprofitlossbeforetaxandfinancecosts contextref="FourReportableSegmentResults05D" decimals="-7" unitref="INR">40000000.00</in-bse-fin:segmentprofitlossbeforetaxandfinancecosts>
<in-bse-fin:descriptionofreportablesegment contextref="FourReportableSegmentResults06D">Retail</in-bse-fin:descriptionofreportablesegment>
<in-bse-fin:segmentprofitlossbeforetaxandfinancecosts contextref="FourReportableSegmentResults06D" decimals="-7" unitref="INR">230000000.00</in-bse-fin:segmentprofitlossbeforetaxandfinancecosts>
<in-bse-fin:segmentprofitlossbeforetaxandfinancecosts contextref="OneD" decimals="-7" unitref="INR">125900000000.00</in-bse-fin:segmentprofitlossbeforetaxandfinancecosts>
<in-bse-fin:segmentprofitlossbeforetaxandfinancecosts contextref="FourD" decimals="-7" unitref="INR">343490000000.00</in-bse-fin:segmentprofitlossbeforetaxandfinancecosts>
<in-bse-fin:segmentfinancecosts contextref="OneD" decimals="-7" unitref="INR">23010000000.00</in-bse-fin:segmentfinancecosts>
<in-bse-fin:segmentfinancecosts contextref="FourD" decimals="-7" unitref="INR">71390000000.00</in-bse-fin:segmentfinancecosts>
<in-bse-fin:otherunallocableexpenditurenetoffunallocableincome contextref="OneD" decimals="-7" unitref="INR">-21510000000.00</in-bse-fin:otherunallocableexpenditurenetoffunallocableincome>
<in-bse-fin:disclosureofnotesonsegmentsexplanatorytextblock contextref="OneD">1. Q3 FY22 Segment Revenue includes Rs 5,415 crore GST recovered. Net Revenue is Rs 117,396 crore      2. 9M FY22 Segment Revenue includes Rs 14,980 crore GST recovered. Net Revenue is Rs 311,384 crore      3. Oil to Chemicals and Financial Services Segment results includes Interest income/Other Income pertaining to the respective segments</in-bse-fin:disclosureofnotesonsegmentsexplanatorytextblock>
<in-bse-fin:otherunallocableexpenditurenetoffunallocableincome contextref="FourD" decimals="-7" unitref="INR">-63720000000.00</in-bse-fin:otherunallocableexpenditurenetoffunallocableincome>
<in-bse-fin:segmentprofitbeforetax contextref="OneD" decimals="-7" unitref="INR">124400000000.00</in-bse-fin:segmentprofitbeforetax>
<in-bse-fin:segmentprofitbeforetax contextref="FourD" decimals="-7" unitref="INR">335820000000.00</in-bse-fin:segmentprofitbeforetax>
<in-bse-fin:descriptionofreportablesegment contextref="OneReportableSegmentAssets01D">Digital Services</in-bse-fin:descriptionofreportablesegment>
<in-bse-fin:segmentassets contextref="OneReportableSegmentAssets01D" decimals="-7" unitref="INR">649300000000.00</in-bse-fin:segmentassets>
<in-bse-fin:descriptionofreportablesegment contextref="OneReportableSegmentAssets02D">Financial Services</in-bse-fin:descriptionofreportablesegment>
<in-bse-fin:segmentassets contextref="OneReportableSegmentAssets02D" decimals="-7" unitref="INR">346650000000.00</in-bse-fin:segmentassets>
<in-bse-fin:descriptionofreportablesegment contextref="OneReportableSegmentAssets03D">Oil and Gas</in-bse-fin:descriptionofreportablesegment>
<in-bse-fin:segmentassets contextref="OneReportableSegmentAssets03D" decimals="-7" unitref="INR">345160000000.00</in-bse-fin:segmentassets>
<in-bse-fin:descriptionofreportablesegment contextref="OneReportableSegmentAssets04D">Oil to Chemicals (O2C)</in-bse-fin:descriptionofreportablesegment>
<in-bse-fin:segmentassets contextref="OneReportableSegmentAssets04D" decimals="-7" unitref="INR">3542450000000.00</in-bse-fin:segmentassets>
<in-bse-fin:descriptionofreportablesegment contextref="OneReportableSegmentAssets05D">Others</in-bse-fin:descriptionofreportablesegment>
<in-bse-fin:segmentassets contextref="OneReportableSegmentAssets05D" decimals="-7" unitref="INR">153160000000.00</in-bse-fin:segmentassets>
<in-bse-fin:descriptionofreportablesegment contextref="OneReportableSegmentAssets06D">Retail</in-bse-fin:descriptionofreportablesegment>
<in-bse-fin:segmentassets contextref="OneReportableSegmentAssets06D" decimals="-7" unitref="INR">180350000000.00</in-bse-fin:segmentassets>
<in-bse-fin:segmentassets contextref="OneD" decimals="-7" unitref="INR">5217070000000.00</in-bse-fin:segmentassets>
<in-bse-fin:unallocableassets contextref="OneI" decimals="-7" unitref="INR">3965860000000.00</in-bse-fin:unallocableassets>
<in-bse-fin:netsegmentassets contextref="OneI" decimals="-7" unitref="INR">9182930000000.00</in-bse-fin:netsegmentassets>
<in-bse-fin:descriptionofreportablesegment contextref="OneReportableSegmentLiabilities01D">Digital Services</in-bse-fin:descriptionofreportablesegment>
<in-bse-fin:segmentliabilities contextref="OneReportableSegmentLiabilities01I" decimals="-7" unitref="INR">2320000000.00</in-bse-fin:segmentliabilities>
<in-bse-fin:descriptionofreportablesegment contextref="OneReportableSegmentLiabilities02D">Financial Services</in-bse-fin:descriptionofreportablesegment>
<in-bse-fin:segmentliabilities contextref="OneReportableSegmentLiabilities02I" decimals="-7" unitref="INR">0.00</in-bse-fin:segmentliabilities>
<in-bse-fin:descriptionofreportablesegment contextref="OneReportableSegmentLiabilities03D">Oil and Gas</in-bse-fin:descriptionofreportablesegment>
<in-bse-fin:segmentliabilities contextref="OneReportableSegmentLiabilities03I" decimals="-7" unitref="INR">96430000000.00</in-bse-fin:segmentliabilities>
<in-bse-fin:descriptionofreportablesegment contextref="OneReportableSegmentLiabilities04D">Oil to Chemicals (O2C)</in-bse-fin:descriptionofreportablesegment>
<in-bse-fin:segmentliabilities contextref="OneReportableSegmentLiabilities04I" decimals="-7" unitref="INR">459660000000.00</in-bse-fin:segmentliabilities>
<in-bse-fin:descriptionofreportablesegment contextref="OneReportableSegmentLiabilities05D">Others</in-bse-fin:descriptionofreportablesegment>
<in-bse-fin:segmentliabilities contextref="OneReportableSegmentLiabilities05I" decimals="-7" unitref="INR">3110000000.00</in-bse-fin:segmentliabilities>
<in-bse-fin:descriptionofreportablesegment contextref="OneReportableSegmentLiabilities06D">Retail</in-bse-fin:descriptionofreportablesegment>
<in-bse-fin:segmentliabilities contextref="OneReportableSegmentLiabilities06I" decimals="-7" unitref="INR">70000000.00</in-bse-fin:segmentliabilities>
<in-bse-fin:segmentliabilities contextref="OneI" decimals="-7" unitref="INR">561590000000.00</in-bse-fin:segmentliabilities>
<in-bse-fin:unallocableliabilities contextref="OneI" decimals="-7" unitref="INR">8621340000000.00</in-bse-fin:unallocableliabilities>
<in-bse-fin:netsegmentliabilities contextref="OneI" decimals="-7" unitref="INR">9182930000000.00</in-bse-fin:netsegmentliabilities>
</xbrli:xbrl>